customer,type,number,date,due_date,payment_terms,purchase_order,currency,total,amount_paid,balance,ship_to.name,notes,terms,item,description,quantity,unit_cost,discount,tax,shipping,item_date,item_reference,payment,amount_refunded
"YOHANNES HIGH SCHOOL",invoice,YHS/002/8/026,"Aug 20, 2026",,,152-091-435,TZS,1650000,0,1650000,,"BANK DETAILS:
BANK NAME: STANBIC BANK
BRANCH : CENTRE BRANCH
ACCOUNT NAME : AIO BUSNESS LIMITED
ACCOUNT NUMBER : TZS 9120002464371
SWIFT CODE : SBICTZTX

LIPA NO
Mixx By Yas: 44125355
AIO TECHNOLOGIES","Please pay before due date.","TSHIRTS (School Uniform Logo Embroidery)","-Size 9cm x 7cm
-Quality: High
-Stiches : Maximum",550,3000,0,0,0,,,,
"Tamgo Tanzania",invoice,TTL/001.08/2026,"Aug 13, 2026",,,152-091-435,TZS,283200,0,283200,,"BANK NAME: STANBIC BANK
ACCOUNT NAME : AIO BUSINESS LIMITED
ACCOUNT NUMBER : TZS 9120002464371
BRANCH : CENTRE BRANCH
SWIFT CODE : SBICTZTX","Please pay before due date","GATEPASS / PRE-START VEHICLE INSPECTION BOOKLETS","-Size: A5
-Sides: Double sided
-Pages: 80pages
-Binding: Booklet Stitch Binding",15,16000,0,43200,0,,,,
"THAMINI UHAI",invoice,TAL/001.8/2026,"Aug 14, 2026",,,152-091-435,TZS,23749506,0,23749506,,"BANK DETAILS:
BANK NAME: STANBIC BANK
BRANCH : CENTRE BRANCH
ACCOUNT NAME : AIO BUSNESS LIMITED
ACCOUNT NUMBER : TZS 9120002464371
SWIFT CODE : SBICTZTX","Please issue LPO before proceeding with the supply.","LCG Flipchart",,66,50000,165000,564300,0,,,,
"THAMINI UHAI",invoice,TAL/001.8/2026,"Aug 14, 2026",,,152-091-435,TZS,23749506,0,23749506,,"BANK DETAILS:
BANK NAME: STANBIC BANK
BRANCH : CENTRE BRANCH
ACCOUNT NAME : AIO BUSNESS LIMITED
ACCOUNT NUMBER : TZS 9120002464371
SWIFT CODE : SBICTZTX","Please issue LPO before proceeding with the supply.","LCG Action Plan",,66,12000,39600,135432,0,,,,
"THAMINI UHAI",invoice,TAL/001.8/2026,"Aug 14, 2026",,,152-091-435,TZS,23749506,0,23749506,,"BANK DETAILS:
BANK NAME: STANBIC BANK
BRANCH : CENTRE BRANCH
ACCOUNT NAME : AIO BUSNESS LIMITED
ACCOUNT NUMBER : TZS 9120002464371
SWIFT CODE : SBICTZTX","Please issue LPO before proceeding with the supply.","National EmONC OJT PPH",,66,85000,280500,959310,0,,,,
"THAMINI UHAI",invoice,TAL/001.8/2026,"Aug 14, 2026",,,152-091-435,TZS,23749506,0,23749506,,"BANK DETAILS:
BANK NAME: STANBIC BANK
BRANCH : CENTRE BRANCH
ACCOUNT NAME : AIO BUSNESS LIMITED
ACCOUNT NUMBER : TZS 9120002464371
SWIFT CODE : SBICTZTX","Please issue LPO before proceeding with the supply.","PPH Action Plan",,264,12000,158400,541728,0,,,,
"THAMINI UHAI",invoice,TAL/001.8/2026,"Aug 14, 2026",,,152-091-435,TZS,23749506,0,23749506,,"BANK DETAILS:
BANK NAME: STANBIC BANK
BRANCH : CENTRE BRANCH
ACCOUNT NAME : AIO BUSNESS LIMITED
ACCOUNT NUMBER : TZS 9120002464371
SWIFT CODE : SBICTZTX","Please issue LPO before proceeding with the supply.","iKMC & Newborn Resuscitation Action Plan",,264,12000,158400,541728,0,,,,
"THAMINI UHAI",invoice,TAL/001.8/2026,"Aug 14, 2026",,,152-091-435,TZS,23749506,0,23749506,,"BANK DETAILS:
BANK NAME: STANBIC BANK
BRANCH : CENTRE BRANCH
ACCOUNT NAME : AIO BUSNESS LIMITED
ACCOUNT NUMBER : TZS 9120002464371
SWIFT CODE : SBICTZTX","Please issue LPO before proceeding with the supply.","iKMC & Newborn Resuscitation Flipbook",,66,70000,231000,790020,0,,,,
"THAMINI UHAI",invoice,TAL/001.8/2026,"Aug 14, 2026",,,152-091-435,TZS,23749506,0,23749506,,"BANK DETAILS:
BANK NAME: STANBIC BANK
BRANCH : CENTRE BRANCH
ACCOUNT NAME : AIO BUSNESS LIMITED
ACCOUNT NUMBER : TZS 9120002464371
SWIFT CODE : SBICTZTX","Please issue LPO before proceeding with the supply.","iKMC Initiation Sticker",,66,8000,26400,90288,0,,,,
"Nigeria High Commission in Dar es Salaam",invoice,NHCD/001.026,"Jul 25, 2026",,,152-091-435,TZS,32039994,0,32039994,,"BANK DETAILS:
BANK NAME: STANBIC BANK
BRANCH : CENTRE BRANCH
ACCOUNT NAME : AIO BUSNESS LIMITED
ACCOUNT NUMBER : TZS 9120002464371
SWIFT CODE : SBICTZTX",,"LENOVO THINK CENTER NEO 50a",">512GB SSD / 16 GB RAM
>Intel Core i7 13th Generation, 
>24 Inch Display",6,3520000,0,0,0,,,,
"Nigeria High Commission in Dar es Salaam",invoice,NHCD/001.026,"Jul 25, 2026",,,152-091-435,TZS,32039994,0,32039994,,"BANK DETAILS:
BANK NAME: STANBIC BANK
BRANCH : CENTRE BRANCH
ACCOUNT NAME : AIO BUSNESS LIMITED
ACCOUNT NUMBER : TZS 9120002464371
SWIFT CODE : SBICTZTX",,"APC UPS 650VA",,6,450000,0,0,0,,,,
"Nigeria High Commission in Dar es Salaam",invoice,NHCD/001.026,"Jul 25, 2026",,,152-091-435,TZS,32039994,0,32039994,,"BANK DETAILS:
BANK NAME: STANBIC BANK
BRANCH : CENTRE BRANCH
ACCOUNT NAME : AIO BUSNESS LIMITED
ACCOUNT NUMBER : TZS 9120002464371
SWIFT CODE : SBICTZTX",,"EPSON ECOTANK L3250 ",">Print
>Scan
>Copy",6,1369999,0,0,0,,,,
"TINEVIMBO LOGISTICS SHIPPING",invoice,TLSL/002.026,"Jul 16, 2026","Jul 16, 2026",,,TZS,180000,0,180000,,"CRDB BANK
01J2035322200 - BONIFACE BALELE
LIPA MIXX BY YAS
44125355 - AIO TECHNOLOGIES",,"HOSTING (tinevimboshipping.co.tz)","-Unlimited Bandwidth & Email Addresses
-Support for PHP, Node.js, and Python
-3 GB SSD Storage
-1 Core CPU
-2 GB RAM
-1 Website",1,180000,0,0,0,,,,
"0-60 AUTOGARAGE",invoice,0-60AG/002.026,"Aug 11, 2026",,,,TZS,160000,0,160000,,"CRDB BANK
01J2035322200 - BONIFACE BALELE
LIPA MIXX BY YAS
44125355 - AIO TECHNOLOGIES",,"INSPECTION FORM BOOKLETS","-pages; 100
-Material: Carbonized paper",10,16000,0,0,0,,,,
"Tamgo Tanzania",invoice,TTL/001/07.026,"Jul 9, 2026",,,152-091-435,TZS,188800,0,188800,,"BANK NAME: STANBIC BANK
ACCOUNT NAME : AIO BUSINESS LIMITED
ACCOUNT NUMBER : TZS 9120002464371
BRANCH : CENTRE BRANCH
SWIFT CODE : SBICTZTX","Please pay before due date","BUSINESS CARDS","-For: Damian Massenge , Amon Lusekelo, Raymond John Msemwa, Aristides T. Byabato",4,40000,0,28800,0,,,,
"YOHANNES HIGH SCHOOL",invoice,YSC/001.026,"Jul 3, 2026",,,152-091-435,TZS,600000,0,600000,,"BANK DETAILS:
BANK NAME: STANBIC BANK
BRANCH : CENTRE BRANCH
ACCOUNT NAME : AIO BUSNESS LIMITED
ACCOUNT NUMBER : TZS 9120002464371
SWIFT CODE : SBICTZTX

LIPA NO
Mixx By Yas: 44125355
AIO TECHNOLOGIES","Please pay before due date.","School Uniform Logo Embroidery","-Size 9cm x 7cm
-Quality: High
-Stiches : Maximum",200,3000,0,0,0,,,,
"SOFTFINANCE LIMITED",invoice,SFL/002.026,"Jul 1, 2026",,,,TZS,1770000,0,1770000,,"BANK NAME : STANBIC BANK
ACCOUNT NAME : AIO BUSINESS LIMITED
ACCOUNT NUMBER : TZS 9120002464371
BRANCH : CENTRE BRANCH
SWIFT CODE : SBICTZTX",,"UPGRADING HOSTING - softfinance.co.tz","Unlimited Bandwidth & Email Addresses
Support for PHP, Node.js, and Python
📦60GB + 100 GB SSD Storage",1,1500000,0,270000,0,,,,
"LAND TENATURE ASSISTANCE",invoice,LTA/1/005.026,"May 19, 2026",,,152091435,TZS,15571865,0,15571865,,"BANK NAME: STANBIC BANK
ACCOUNT NAME : AIO BUSINESS LIMITED
ACCOUNT NUMBER : TZS 9120002464371
BRANCH : CENTRE BRANCH",,"Land form Na.21(a)",,10809,450,0,875529,37096.88,,,,
"LAND TENATURE ASSISTANCE",invoice,LTA/1/005.026,"May 19, 2026",,,152091435,TZS,15571865,0,15571865,,"BANK NAME: STANBIC BANK
ACCOUNT NAME : AIO BUSINESS LIMITED
ACCOUNT NUMBER : TZS 9120002464371
BRANCH : CENTRE BRANCH",,"File covers",,7206,450,0,583686,24731.25,,,,
"LAND TENATURE ASSISTANCE",invoice,LTA/1/005.026,"May 19, 2026",,,152091435,TZS,15571865,0,15571865,,"BANK NAME: STANBIC BANK
ACCOUNT NAME : AIO BUSINESS LIMITED
ACCOUNT NUMBER : TZS 9120002464371
BRANCH : CENTRE BRANCH",,"File Tags",,17,65000,0,198900,8427.56,,,,
"LAND TENATURE ASSISTANCE",invoice,LTA/1/005.026,"May 19, 2026",,,152091435,TZS,15571865,0,15571865,,"BANK NAME: STANBIC BANK
ACCOUNT NAME : AIO BUSINESS LIMITED
ACCOUNT NUMBER : TZS 9120002464371
BRANCH : CENTRE BRANCH",,"Photocopying Paper A4",,50,14000,0,126000,5338.72,,,,
"LAND TENATURE ASSISTANCE",invoice,LTA/1/005.026,"May 19, 2026",,,152091435,TZS,15571865,0,15571865,,"BANK NAME: STANBIC BANK
ACCOUNT NAME : AIO BUSINESS LIMITED
ACCOUNT NUMBER : TZS 9120002464371
BRANCH : CENTRE BRANCH",,"Village Seal",,3,150000,0,81000,3432.04,,,,
"LAND TENATURE ASSISTANCE",invoice,LTA/1/005.026,"May 19, 2026",,,152091435,TZS,15571865,0,15571865,,"BANK NAME: STANBIC BANK
ACCOUNT NAME : AIO BUSINESS LIMITED
ACCOUNT NUMBER : TZS 9120002464371
BRANCH : CENTRE BRANCH",,"Printer Cartridge Hp 14A ",-Compatible,4,250000,0,180000,7626.75,,,,
"LAND TENATURE ASSISTANCE",invoice,LTA/1/005.026,"May 19, 2026",,,152091435,TZS,15571865,0,15571865,,"BANK NAME: STANBIC BANK
ACCOUNT NAME : AIO BUSINESS LIMITED
ACCOUNT NUMBER : TZS 9120002464371
BRANCH : CENTRE BRANCH",,"Registration pen",,0,50000,0,0,0,,,,
"LAND TENATURE ASSISTANCE",invoice,LTA/1/005.026,"May 19, 2026",,,152091435,TZS,15571865,0,15571865,,"BANK NAME: STANBIC BANK
ACCOUNT NAME : AIO BUSINESS LIMITED
ACCOUNT NUMBER : TZS 9120002464371
BRANCH : CENTRE BRANCH",,"Marker pen permanent type-Water proof ink",,0,5000,0,0,0,,,,
"LAND TENATURE ASSISTANCE",invoice,LTA/1/005.026,"May 19, 2026",,,152091435,TZS,15571865,0,15571865,,"BANK NAME: STANBIC BANK
ACCOUNT NAME : AIO BUSINESS LIMITED
ACCOUNT NUMBER : TZS 9120002464371
BRANCH : CENTRE BRANCH",,"Legal Paper A4","* 5 Bandles (@14,000) = 1 Ream",25,70000,0,315000,13346.81,,,,
"CH Oil Tanzania,",invoice,001.026,"Apr 30, 2026",,,152091435,TZS,3540000,0,3540000,,"CRDB BANK
01J2035322200
BONIFACE BALELE

MIX BY YAS LIPA:
44125355
AIO TECHNOLOGIES","Please pay before due date:","POP UP GAZEBO","Size: 3m x 3m
Printing: High Quality",2,1100000,0,396000,0,,,,
"CH Oil Tanzania,",invoice,001.026,"Apr 30, 2026",,,152091435,TZS,3540000,0,3540000,,"CRDB BANK
01J2035322200
BONIFACE BALELE

MIX BY YAS LIPA:
44125355
AIO TECHNOLOGIES","Please pay before due date:","TEARDROP BANNER","Size: 3.5m
Printing: sublimation",4,200000,0,144000,0,,,,
"SHARP FINANCIAL SERVICES TANZANIA LIMITED",invoice,SFSTL/001.026,"Apr 24, 2026",,,152-091-435,TZS,7440000,0,7440000,,"BANK DETAILS:
BANK NAME: STANBIC BANK
BRANCH : CENTRE BRANCH
ACCOUNT NAME : AIO BUSNESS LIMITED
ACCOUNT NUMBER : TZS 9120002464371
SWIFT CODE : SBICTZTX",,"MACBOOK PRO 14-INCH 2023","M3 Pro CHIP PROCESSOR
18GB MEMORY
1TB SSD STORAGE

1 YEAR WARRANTY",1,5500000,0,990000,950000,,,,
"WEZESHA TANZANIA",invoice,WT/001.2026,"Apr 21, 2026",,,152-091-435,TZS,6175040,0,6175040,,"BANK DETAILS:
BANK NAME: STANBIC BANK
BRANCH : CENTRE BRANCH
ACCOUNT NAME : AIO BUSNESS LIMITED
ACCOUNT NUMBER : TZS 9120002464371
SWIFT CODE : SBICTZTX",,"High Quality Posters","-Size: A2
-Printing: Offset",1476,3000,0,797040,950000,,,,
"Tamgo Tanzania",invoice,TTL/002.2026,"Apr 20, 2026",,,152-091-435,TZS,194700,0,194700,,"BANK NAME: STANBIC BANK
ACCOUNT NAME : AIO BUSINESS LIMITED
ACCOUNT NUMBER : TZS 9120002464371
BRANCH : CENTRE BRANCH
SWIFT CODE : SBICTZTX","Please pay before due date","BUSINESS CARDS","-For: Amon & Agatha",2,40000,0,14400,0,,,,
"Tamgo Tanzania",invoice,TTL/002.2026,"Apr 20, 2026",,,152-091-435,TZS,194700,0,194700,,"BANK NAME: STANBIC BANK
ACCOUNT NAME : AIO BUSINESS LIMITED
ACCOUNT NUMBER : TZS 9120002464371
BRANCH : CENTRE BRANCH
SWIFT CODE : SBICTZTX","Please pay before due date","GATE PASS BOOKLETS",,10,8500,0,15300,0,,,,
"KWALA INDUSTRIAL PARK,",invoice,KIP/005.026,"Mar 20, 2026",,,152-091-435,TZS,21057200,0,21057200,,"BANK DETAILS:
BANK NAME: STANBIC BANK
BRANCH : CENTRE BRANCH
ACCOUNT NAME : AIO BUSNESS LIMITED
ACCOUNT NUMBER : TZS 9120002464371
SWIFT CODE : SBICTZTX",,"Bed Frames ","– (5x6 ft)",6,900000,0,972000,301056.34,,,,
"KWALA INDUSTRIAL PARK,",invoice,KIP/005.026,"Mar 20, 2026",,,152-091-435,TZS,21057200,0,21057200,,"BANK DETAILS:
BANK NAME: STANBIC BANK
BRANCH : CENTRE BRANCH
ACCOUNT NAME : AIO BUSNESS LIMITED
ACCOUNT NUMBER : TZS 9120002464371
SWIFT CODE : SBICTZTX",,"Mattresses ","– (Hotel Standard)",6,600000,0,648000,200704.23,,,,
"KWALA INDUSTRIAL PARK,",invoice,KIP/005.026,"Mar 20, 2026",,,152-091-435,TZS,21057200,0,21057200,,"BANK DETAILS:
BANK NAME: STANBIC BANK
BRANCH : CENTRE BRANCH
ACCOUNT NAME : AIO BUSNESS LIMITED
ACCOUNT NUMBER : TZS 9120002464371
SWIFT CODE : SBICTZTX",,"Office Tables ","–  Approx. 120 cm (L) × 60 cm (W) × 75 cm (H)",6,500000,0,540000,167253.52,,,,
"KWALA INDUSTRIAL PARK,",invoice,KIP/005.026,"Mar 20, 2026",,,152-091-435,TZS,21057200,0,21057200,,"BANK DETAILS:
BANK NAME: STANBIC BANK
BRANCH : CENTRE BRANCH
ACCOUNT NAME : AIO BUSNESS LIMITED
ACCOUNT NUMBER : TZS 9120002464371
SWIFT CODE : SBICTZTX",,"Office Chairs ","– Ergonomic office chair,",6,450000,0,486000,150528.17,,,,
"KWALA INDUSTRIAL PARK,",invoice,KIP/005.026,"Mar 20, 2026",,,152-091-435,TZS,21057200,0,21057200,,"BANK DETAILS:
BANK NAME: STANBIC BANK
BRANCH : CENTRE BRANCH
ACCOUNT NAME : AIO BUSNESS LIMITED
ACCOUNT NUMBER : TZS 9120002464371
SWIFT CODE : SBICTZTX",,"Pillows ","– (Hotel Quality) Microfiber/polyfiber",12,35000,0,75600,23415.49,,,,
"KWALA INDUSTRIAL PARK,",invoice,KIP/005.026,"Mar 20, 2026",,,152-091-435,TZS,21057200,0,21057200,,"BANK DETAILS:
BANK NAME: STANBIC BANK
BRANCH : CENTRE BRANCH
ACCOUNT NAME : AIO BUSNESS LIMITED
ACCOUNT NUMBER : TZS 9120002464371
SWIFT CODE : SBICTZTX",,"Bedsheets ","– (Hotel Standard) Material: Cotton or poly-cotton blend, Color: White",12,100000,0,216000,66901.41,,,,
"KWALA INDUSTRIAL PARK,",invoice,KIP/005.026,"Mar 20, 2026",,,152-091-435,TZS,21057200,0,21057200,,"BANK DETAILS:
BANK NAME: STANBIC BANK
BRANCH : CENTRE BRANCH
ACCOUNT NAME : AIO BUSNESS LIMITED
ACCOUNT NUMBER : TZS 9120002464371
SWIFT CODE : SBICTZTX",,"Bedsheets ","– (Hotel Standard) Material: Cotton or poly-cotton blend, Color: White",6,120000,0,129600,40140.85,,,,
CEETNET,invoice,CN/001.026,"Jan 31, 2026",,,152-091-435,TZS,630000,300000,330000,,"CRDB BANK: 
ACC NO: 01J2035322200
ACC NAME: BONIFACE BALELE
Mixx by Yas Lipa No: 44125355","Please pay full amount before work.",BRANDING,"-Logo Designing
-Letterhead Designing
-Business Cards Designing",1,100000,10000,0,0,,,,
CEETNET,invoice,CN/001.026,"Jan 31, 2026",,,152-091-435,TZS,630000,300000,330000,,"CRDB BANK: 
ACC NO: 01J2035322200
ACC NAME: BONIFACE BALELE
Mixx by Yas Lipa No: 44125355","Please pay full amount before work.","DOMAIN REGISTRATION & HOSTING (WWW.CEETNET.CO.TZ)","-Unlimited Bandwidth & Email Addresses
-Support for PHP, Node.js, and Python
-5 GB SSD Storage",1,200000,20000,0,0,,,,
CEETNET,invoice,CN/001.026,"Jan 31, 2026",,,152-091-435,TZS,630000,300000,330000,,"CRDB BANK: 
ACC NO: 01J2035322200
ACC NAME: BONIFACE BALELE
Mixx by Yas Lipa No: 44125355","Please pay full amount before work.","WEBSITE DESIGNING","-Contents creation
-Configuration
-Designing and Editing
-Launching website.
-Support",1,400000,40000,0,0,,,,
"TANESCO PWANI",invoice,TNSC-P/001/026,"Jan 8, 2026",,,178-427-369,TZS,5504700,0,5504700,,,"Please let us know if you inquire any clarifications.","TrustFire T90R 4800 Lumen LED Torch",,1,900000,0,162000,0,,,,
"TANESCO PWANI",invoice,TNSC-P/001/026,"Jan 8, 2026",,,178-427-369,TZS,5504700,0,5504700,,,"Please let us know if you inquire any clarifications.","Amprobe TIC 300 PRO High Voltage Detector Kit",,1,3000000,0,540000,0,,,,
"TANESCO PWANI",invoice,TNSC-P/001/026,"Jan 8, 2026",,,178-427-369,TZS,5504700,0,5504700,,,"Please let us know if you inquire any clarifications.","Foldable Ladder 4x3",,1,450000,0,81000,0,,,,
"TANESCO PWANI",invoice,TNSC-P/001/026,"Jan 8, 2026",,,178-427-369,TZS,5504700,0,5504700,,,"Please let us know if you inquire any clarifications.","Tronic Flood Light 200w",,1,250000,0,45000,0,,,,
"TANESCO PWANI",invoice,TNSC-P/001/026,"Jan 8, 2026",,,178-427-369,TZS,5504700,0,5504700,,,"Please let us know if you inquire any clarifications.","Tronic Photocell",,1,50000,0,9000,0,,,,
"TANESCO PWANI",invoice,TNSC-P/001/026,"Jan 8, 2026",,,178-427-369,TZS,5504700,0,5504700,,,"Please let us know if you inquire any clarifications.","4-ft fluorescent lamp + housing",,1,15000,0,2700,0,,,,
"Mkurugenzi,",invoice,003/12.025,"Mar 6, 2026",,,152091435,TZS,75837998.2,0,75837998.2,,"BANK NAME : STANBIC BANK
ACCOUNT NAME : AIO BUSINESS LIMITED
ACCOUNT NUMBER : TZS 9120002464371
BRANCH : CENTRE BRANCH
SWIFT CODE : SBICTZTX","The total amount is VAT inclusive.","HP 290 g9 Desktop","•INTEL CORE i3
•8GB RAM 
•1TB HDD
•OS: DOS
•21.5"" LED MONITOR /MOUSE/ KEYBOARD 1 YEAR WARRANTY",45,1059322,0,8580508.2,0,,,,
"Mkurugenzi,",invoice,003/12.025,"Mar 6, 2026",,,152091435,TZS,75837998.2,0,75837998.2,,"BANK NAME : STANBIC BANK
ACCOUNT NAME : AIO BUSINESS LIMITED
ACCOUNT NUMBER : TZS 9120002464371
BRANCH : CENTRE BRANCH
SWIFT CODE : SBICTZTX","The total amount is VAT inclusive.","HP OmniBook 5 Flip 14-FP i5 Core5 Touch x360 (Laptop)","•Intel Core 5 120U 
• 8GB LPDDR5 RAM 
• 512GB PCIe Gen4 SSD 
• 14″ 2K Touchscreen",6,1500000,0,1620000,0,,,,
"Mkurugenzi,",invoice,003/12.025,"Mar 6, 2026",,,152091435,TZS,75837998.2,0,75837998.2,,"BANK NAME : STANBIC BANK
ACCOUNT NAME : AIO BUSINESS LIMITED
ACCOUNT NUMBER : TZS 9120002464371
BRANCH : CENTRE BRANCH
SWIFT CODE : SBICTZTX","The total amount is VAT inclusive.","HP OmniBook X Flip 14-FP Core 7 Touch x360 (Laptop)","•with 14"" WUXGA OLED Glossy Touch Display, 
•Core i7-13620, 
•16GB RAM,
•1TB SSD",2,3800000,0,1368000,0,,,,
"Tanzania Shipping Agency Corporation (TASAC)",invoice,TASAC/011/025,"Nov 14, 2025",,,152-091-435,TZS,9735000,0,9735000,,"BANK NAME : STANBIC BANK
ACCOUNT NAME : AIO BUSINESS LIMITED
ACCOUNT NUMBER : TZS 9120002464371
BRANCH : CENTRE BRANCH
SWIFT CODE : SBICTZTX",,"PRINTING TASAC QUALITY POLICY","Size: A2
Material: High Quality POP",80,18750,0,270000,0,,,,
"Tanzania Shipping Agency Corporation (TASAC)",invoice,TASAC/011/025,"Nov 14, 2025",,,152-091-435,TZS,9735000,0,9735000,,"BANK NAME : STANBIC BANK
ACCOUNT NAME : AIO BUSINESS LIMITED
ACCOUNT NUMBER : TZS 9120002464371
BRANCH : CENTRE BRANCH
SWIFT CODE : SBICTZTX",,"SNAP FRAME","Size: A2 (42cm x 54.5)",80,84375,0,1215000,0,,,,
"Tobacco Cooperative Joint Enterprises",invoice,TCJE/001.025,"Jul 10, 2025",,,152-091-435,TZS,15576000,0,15576000,,"BANK NAME : STANBIC BANK
ACCOUNT NAME : AIO BUSINESS LIMITED
ACCOUNT NUMBER : TZS 9120002464371
BRANCH : CENTRE BRANCH
SWIFT CODE : SBICTZTX","Please pay before due date.","HP laptop 250 G10","-core i5-13th gen
-8Gb memory
-512GbSSD
-15,6’ display
-Win 11
-1 year warranty",6,2200000,0,2376000,0,,,,
"SELF MICROFINANCE",invoice,T-SMF/002.025,"Oct 27, 2025",40-047757-A,152-091-435,TR200/2024/2025/G/62,TZS,53978392,0,53978392,,,,"HPE DL380 Gen10 Server",,1,31186400,0,5613552,0,,,,
"SELF MICROFINANCE",invoice,T-SMF/002.025,"Oct 27, 2025",40-047757-A,152-091-435,TR200/2024/2025/G/62,TZS,53978392,0,53978392,,,,"Cisco C1300-24FP-4G PoE Switch",,5,2911600,0,2620440,0,,,,
"AMCOS MBWEKO",invoice,AMS/001/025,"Sep 9, 2025",,,,TZS,1211860,0,1211860,,"CRDB Bank
01J2035322200 - Boniface Balele
MPESA: 0754 500 541
MIX Yas: 0717 420 340","Please pay before due date.","CLOUD HOSTING","-5GB Storage
-100GB Bandwidth
-Unlimited eMails",1,325000,0,58500,0,,,,
"AMCOS MBWEKO",invoice,AMS/001/025,"Sep 9, 2025",,,,TZS,1211860,0,1211860,,"CRDB Bank
01J2035322200 - Boniface Balele
MPESA: 0754 500 541
MIX Yas: 0717 420 340","Please pay before due date.","WEBSITE DESIGN","-Mobile responsive
-5 to 10pages",1,600000,0,108000,0,,,,
"AMCOS MBWEKO",invoice,AMS/001/025,"Sep 9, 2025",,,,TZS,1211860,0,1211860,,"CRDB Bank
01J2035322200 - Boniface Balele
MPESA: 0754 500 541
MIX Yas: 0717 420 340","Please pay before due date.","RECEIPT BOOKS","-3 copies",4,8500,0,6120,0,,,,
"AMCOS MBWEKO",invoice,AMS/001/025,"Sep 9, 2025",,,,TZS,1211860,0,1211860,,"CRDB Bank
01J2035322200 - Boniface Balele
MPESA: 0754 500 541
MIX Yas: 0717 420 340","Please pay before due date.","PAYMENT VOUCHER","-3 copies",4,8500,0,6120,0,,,,
"AMCOS MBWEKO",invoice,AMS/001/025,"Sep 9, 2025",,,,TZS,1211860,0,1211860,,"CRDB Bank
01J2035322200 - Boniface Balele
MPESA: 0754 500 541
MIX Yas: 0717 420 340","Please pay before due date.","RECEIVED NOTE","-3 copies",4,8500,0,6120,0,,,,
"Becyma Quality Construction",invoice,BQCL/010.020,"Sep 17, 2020",,,,TZS,1475000,0,1475000,,"BANK NAME : STANBIC BANK
ACCOUNT NAME : AIO BUSINESS LIMITED
ACCOUNT NUMBER : TZS 9120002464371
BRANCH : CENTRE BRANCH
SWIFT CODE : SBICTZTX",,"Total Welding Machine MMA 60KVA","-Brand: Total",1,1250000,0,225000,0,,,,
"DILOS INVESTMENT",invoice,DI/002/09.025,"Sep 29, 2025",,,,TZS,61950000,0,61950000,,"BANK NAME : STANBIC BANK
ACCOUNT NAME : AIO BUSINESS LIMITED
ACCOUNT NUMBER : TZS 9120002464371
BRANCH : CENTRE BRANCH
SWIFT CODE : SBICTZTX","Please Pay before due date","HP OmniBook  5 Flip core 7 ","16gb memory
512Gb storage
14-inch Display",30,1750000,0,9450000,0,,,,
"SOLVERIS CONSULTING LTD",invoice,SVL/001/09.2025,"Sep 25, 2025",,,152-091-435,TZS,16177800,0,16177800,,"BANK NAME : STANBIC BANK
ACCOUNT NAME : AIO BUSINESS LIMITED
ACCOUNT NUMBER : TZS 9120002464371
BRANCH : CENTRE BRANCH
SWIFT CODE : SBICTZTX",,"PHOTOCOPY PAPERS A4",,150,15000,0,405000,0,,,,
"SOLVERIS CONSULTING LTD",invoice,SVL/001/09.2025,"Sep 25, 2025",,,152-091-435,TZS,16177800,0,16177800,,"BANK NAME : STANBIC BANK
ACCOUNT NAME : AIO BUSINESS LIMITED
ACCOUNT NUMBER : TZS 9120002464371
BRANCH : CENTRE BRANCH
SWIFT CODE : SBICTZTX",,"ORIGINAL HP TONNER 14A",,9,1100000,0,1782000,0,,,,
"SOLVERIS CONSULTING LTD",invoice,SVL/001/09.2025,"Sep 25, 2025",,,152-091-435,TZS,16177800,0,16177800,,"BANK NAME : STANBIC BANK
ACCOUNT NAME : AIO BUSINESS LIMITED
ACCOUNT NUMBER : TZS 9120002464371
BRANCH : CENTRE BRANCH
SWIFT CODE : SBICTZTX",,"LEGAL PAPERS","Color: Blue & Green",130,12000,0,280800,0,,,,
"KWALA INDUSTRIAL PARK LTD P.O.BOX 10848，DAR ES SALAAM TANZANIA",invoice,KIPL/001-.026,"Jun 16, 2026",,,152-091-435,TZS,13744900,0,13744900,,"BANK NAME: STANBIC BANK
ACCOUNT NAME : AIO BUSINESS LIMITED
ACCOUNT NUMBER : TZS 9120002464371
BRANCH : CENTRE BRANCH
SWIFT CODE : SBICTZTX",,"Ceilling Fan Evernal with complete regulator and all mounting accessories",,21,430000,0,1625400,571777.48,,,,
"KWALA INDUSTRIAL PARK LTD P.O.BOX 10848，DAR ES SALAAM TANZANIA",invoice,KIPL/001-.026,"Jun 16, 2026",,,152-091-435,TZS,13744900,0,13744900,,"BANK NAME: STANBIC BANK
ACCOUNT NAME : AIO BUSINESS LIMITED
ACCOUNT NUMBER : TZS 9120002464371
BRANCH : CENTRE BRANCH
SWIFT CODE : SBICTZTX",,"15 Litres Ariston Type water heaters",,9,225000,0,364500,128222.52,,,,
"Shirika la Utangazaji Tanzania (TBC)",invoice,TBC/001.026,"Jun 9, 2026",,,152-091-435,TZS,4130000,0,4130000,,"BANK NAME : STANBIC BANK
ACCOUNT NAME : AIO BUSINESS LIMITED
ACCOUNT NUMBER : TZS 9120002464371
BRANCH : CENTRE BRANCH
SWIFT CODE : SBICTZTX",,"14” M1 Max/32/512","Macbook Pro",1,3500000,0,630000,0,,,,
"EAGLES COURIER SERVICES",invoice,ECS/002.026,"Mar 27, 2026",,,,TZS,750000,325000,425000,,"CRDB BANK: 
NAME: BONIFACE BALELE
ACC: 01J2035322200
LIPA MIX BY YAS: 44125355 - AIO TECHNOLOGIES",,"Domain name registration - ecs.co.tz (May 11, 2025 - May 11, 2026)",,1,25000,0,0,0,,,,
"EAGLES COURIER SERVICES",invoice,ECS/002.026,"Mar 27, 2026",,,,TZS,750000,325000,425000,,"CRDB BANK: 
NAME: BONIFACE BALELE
ACC: 01J2035322200
LIPA MIX BY YAS: 44125355 - AIO TECHNOLOGIES",,"PRO HOSTING (www.ecs.co.tz)","Unlimited Bandwidth & Email Addresses
Support for PHP, Node.js, and Python
📦20 GB SSD Storage
🧮2Core CPU
💾8 GB RAM
🌐1 Website",1,725000,0,0,0,,,,
"JUDICIARY OF TANZANIA",invoice,JOT/003.025,"May 13, 2025",,,,TZS,17346000,0,17346000,,"BANK NAME : STANBIC BANK
ACCOUNT NAME : AIO BUSINESS LIMITED
ACCOUNT NUMBER : TZS 9120002464371
BRANCH : CENTRE BRANCH
SWIFT CODE : SBICTZTX",,"SSD External Hard Disk","Storage: 1TB",49,300000,0,2646000,0,,,,
"TASAC ",invoice,TASAC/P/001,"Apr 21, 2025",,,121-639-041,TZS,3200000,0,3200000,,"Payment details are obtained on attached VENDOR REGISTRATION FORM","***Thank You For Your Business***",Banners,,60,10000,0,0,0,,,,
"TASAC ",invoice,TASAC/P/001,"Apr 21, 2025",,,121-639-041,TZS,3200000,0,3200000,,"Payment details are obtained on attached VENDOR REGISTRATION FORM","***Thank You For Your Business***",T-Shirts,,200,5000,0,0,0,,,,
"TASAC ",invoice,TASAC/P/001,"Apr 21, 2025",,,121-639-041,TZS,3200000,0,3200000,,"Payment details are obtained on attached VENDOR REGISTRATION FORM","***Thank You For Your Business***",Booklets,,400,2000,0,0,0,,,,
"TASAC ",invoice,TASAC/P/001,"Apr 21, 2025",,,121-639-041,TZS,3200000,0,3200000,,"Payment details are obtained on attached VENDOR REGISTRATION FORM","***Thank You For Your Business***",Brochures,,800,1000,0,0,0,,,,
"TANESCO TANZANIA,",invoice,TNSC-GEITA/002/04.25,"Apr 15, 2025",,,152-091-435,TZS,9676000,0,9676000,,"BANK NAME : STANBIC BANK
ACCOUNT NAME : AIO BUSINESS LIMITED
ACCOUNT NUMBER : TZS 9120002464371
BRANCH : CENTRE BRANCH
SWIFT CODE : SBICTZTX",,"Mobile Map GPS Device",,2,4100000,0,1476000,0,,,,
"TANESCO - TEMEKE TANZANIA",invoice,TNSC/03/11.25,"Nov 6, 2025",,,152-091-435,TZS,10077200,0,10077200,,"BANK NAME : STANBIC BANK
ACCOUNT NAME : AIO BUSINESS LIMITED
ACCOUNT NUMBER : TZS 9120002464371
BRANCH : CENTRE BRANCH
SWIFT CODE : SBICTZTX",,"SAMSUNG S25 ULTRA",-Android 16,2,4270000,0,1537200,0,,,,
"TANESCO TANZANIA",invoice,TNSC-GEITA/004/05.25,"May 2, 2025",,,152-091-435,TZS,12567000,0,12567000,,"BANK NAME : STANBIC BANK
ACCOUNT NAME : AIO BUSINESS LIMITED
ACCOUNT NUMBER : TZS 9120002464371
BRANCH : CENTRE BRANCH
SWIFT CODE : SBICTZTX",,"SAMSUNG GALAXY S25 ULTRA","RAM: 12GB
Storage: 256GB",3,3550000,0,1917000,0,,,,
"SOFTFINANCE LIMITED",invoice,SFL/001/03.2025,"Mar 28, 2025","Mar 28, 2025",,,TZS,767000,0,767000,,"BANK NAME : STANBIC BANK
ACCOUNT NAME : AIO BUSINESS LIMITED
ACCOUNT NUMBER : TZS 9120002464371
BRANCH : CENTRE BRANCH
SWIFT CODE : SBICTZTX",,"HOSTING - softfinance.co.tz (Apr 09, 2025 - Apr 09, 2026)","Unlimited Bandwidth & Email Addresses
Support for PHP, Node.js, and Python
📦60 GB SSD Storage
🧮2 Core CPU
💾2 GB RAM
🌐Unlimited Websites",1,625000,0,112500,0,,,,
"SOFTFINANCE LIMITED",invoice,SFL/001/03.2025,"Mar 28, 2025","Mar 28, 2025",,,TZS,767000,0,767000,,"BANK NAME : STANBIC BANK
ACCOUNT NAME : AIO BUSINESS LIMITED
ACCOUNT NUMBER : TZS 9120002464371
BRANCH : CENTRE BRANCH
SWIFT CODE : SBICTZTX",,"Domain registration ","softfinance.co.tz (Apr 09, 2025 - Apr 09, 2026)",1,25000,0,4500,0,,,,
"TANESCO - TEMEKE REGIONAL OFFICE",invoice,TNSC/02/04.25,"Apr 8, 2025",,,152-091-435,TZS,3115200,0,3115200,,"BANK NAME : STANBIC BANK
ACCOUNT NAME : AIO BUSINESS LIMITED
ACCOUNT NUMBER : TZS 9120002464371
BRANCH : CENTRE BRANCH
SWIFT CODE : SBICTZTX","*Thank You for Your Business*","UTP Cable Cat 6 Roll. (305m)",,1,590000,0,106200,0,,,,
"TANESCO - TEMEKE REGIONAL OFFICE",invoice,TNSC/02/04.25,"Apr 8, 2025",,,152-091-435,TZS,3115200,0,3115200,,"BANK NAME : STANBIC BANK
ACCOUNT NAME : AIO BUSINESS LIMITED
ACCOUNT NUMBER : TZS 9120002464371
BRANCH : CENTRE BRANCH
SWIFT CODE : SBICTZTX","*Thank You for Your Business*","RJ  45 Box",,1,50000,0,9000,0,,,,
"TANESCO - TEMEKE REGIONAL OFFICE",invoice,TNSC/02/04.25,"Apr 8, 2025",,,152-091-435,TZS,3115200,0,3115200,,"BANK NAME : STANBIC BANK
ACCOUNT NAME : AIO BUSINESS LIMITED
ACCOUNT NUMBER : TZS 9120002464371
BRANCH : CENTRE BRANCH
SWIFT CODE : SBICTZTX","*Thank You for Your Business*","Partch Panel Port 48",,1,350000,0,63000,0,,,,
"TANESCO - TEMEKE REGIONAL OFFICE",invoice,TNSC/02/04.25,"Apr 8, 2025",,,152-091-435,TZS,3115200,0,3115200,,"BANK NAME : STANBIC BANK
ACCOUNT NAME : AIO BUSINESS LIMITED
ACCOUNT NUMBER : TZS 9120002464371
BRANCH : CENTRE BRANCH
SWIFT CODE : SBICTZTX","*Thank You for Your Business*","Face Plate Double",,10,20000,0,36000,0,,,,
"TANESCO - TEMEKE REGIONAL OFFICE",invoice,TNSC/02/04.25,"Apr 8, 2025",,,152-091-435,TZS,3115200,0,3115200,,"BANK NAME : STANBIC BANK
ACCOUNT NAME : AIO BUSINESS LIMITED
ACCOUNT NUMBER : TZS 9120002464371
BRANCH : CENTRE BRANCH
SWIFT CODE : SBICTZTX","*Thank You for Your Business*",Module,,20,15000,0,54000,0,,,,
"TANESCO - TEMEKE REGIONAL OFFICE",invoice,TNSC/02/04.25,"Apr 8, 2025",,,152-091-435,TZS,3115200,0,3115200,,"BANK NAME : STANBIC BANK
ACCOUNT NAME : AIO BUSINESS LIMITED
ACCOUNT NUMBER : TZS 9120002464371
BRANCH : CENTRE BRANCH
SWIFT CODE : SBICTZTX","*Thank You for Your Business*","Drop cable 0.5M",,30,10000,0,54000,0,,,,
"TANESCO - TEMEKE REGIONAL OFFICE",invoice,TNSC/02/04.25,"Apr 8, 2025",,,152-091-435,TZS,3115200,0,3115200,,"BANK NAME : STANBIC BANK
ACCOUNT NAME : AIO BUSINESS LIMITED
ACCOUNT NUMBER : TZS 9120002464371
BRANCH : CENTRE BRANCH
SWIFT CODE : SBICTZTX","*Thank You for Your Business*","Drop cable 3M",,20,25000,0,90000,0,,,,
"TANESCO - TEMEKE REGIONAL OFFICE",invoice,TNSC/02/04.25,"Apr 8, 2025",,,152-091-435,TZS,3115200,0,3115200,,"BANK NAME : STANBIC BANK
ACCOUNT NAME : AIO BUSINESS LIMITED
ACCOUNT NUMBER : TZS 9120002464371
BRANCH : CENTRE BRANCH
SWIFT CODE : SBICTZTX","*Thank You for Your Business*","D-link port 24",,1,350000,0,63000,0,,,,
"AL MAKTOUM SECONDARY SCHOOL",invoice,AM/002.025,"Mar 17, 2025","Mar 17, 2025",,,USD,802.4,0,802.4,,"BANK NAME : STANBIC BANK
ACCOUNT NAME : AIO BUSINESS LIMITED
ACCOUNT NUMBER : TZS 9120002464371
BRANCH : CENTRE BRANCH
SWIFT CODE : SBICTZTX",,"TALLYPRIME SINGLE USER",,1,630,0,113.4,0,,,,
"AL MAKTOUM SECONDARY SCHOOL",invoice,AM/002.025,"Mar 17, 2025","Mar 17, 2025",,,USD,802.4,0,802.4,,"BANK NAME : STANBIC BANK
ACCOUNT NAME : AIO BUSINESS LIMITED
ACCOUNT NUMBER : TZS 9120002464371
BRANCH : CENTRE BRANCH
SWIFT CODE : SBICTZTX",,"INSTALLATION & CONFIGURATION",,1,50,0,9,0,,,,
"DOT TANZANIA",invoice,DT/001/025,"Jan 21, 2025",,,152-091-435,TZS,18113000,0,18113000,,"BANK NAME : STANBIC BANK
ACCOUNT NAME : AIO BUSINESS LIMITED
ACCOUNT NUMBER : TZS 9120002464371
BRANCH : CENTRE BRANCH
SWIFT CODE : SBICTZTX",,"MACBOOK AIR 2024","M3 Chip
8GB RAM,
256GB SSD storage",3,3600000,0,1944000,0,,,,
"DOT TANZANIA",invoice,DT/001/025,"Jan 21, 2025",,,152-091-435,TZS,18113000,0,18113000,,"BANK NAME : STANBIC BANK
ACCOUNT NAME : AIO BUSINESS LIMITED
ACCOUNT NUMBER : TZS 9120002464371
BRANCH : CENTRE BRANCH
SWIFT CODE : SBICTZTX",,"MACBOOK AIR 2024","M3 chip
16GB Ram
512GB SSD storage",1,4550000,0,819000,0,,,,
"SOLVERIS CONSULTING LTD",invoice,SVL/003/08.2025,"Aug 19, 2025",,,152-091-435,TZS,19906600,0,19906600,,"BANK NAME : STANBIC BANK
ACCOUNT NAME : AIO BUSINESS LIMITED
ACCOUNT NUMBER : TZS 9120002464371
BRANCH : CENTRE BRANCH
SWIFT CODE : SBICTZTX",,"Arch Lever Files (Carton of 24)",,20,65000,0,234000,0,,,,
"SOLVERIS CONSULTING LTD",invoice,SVL/003/08.2025,"Aug 19, 2025",,,152-091-435,TZS,19906600,0,19906600,,"BANK NAME : STANBIC BANK
ACCOUNT NAME : AIO BUSINESS LIMITED
ACCOUNT NUMBER : TZS 9120002464371
BRANCH : CENTRE BRANCH
SWIFT CODE : SBICTZTX",,"HP T795 Design Jet Plotter 72 ink- 130ml – C9372A","Color: Cyan, Magenta, Yellow, Black, with Printheads",20,300000,0,1080000,0,,,,
"SOLVERIS CONSULTING LTD",invoice,SVL/003/08.2025,"Aug 19, 2025",,,152-091-435,TZS,19906600,0,19906600,,"BANK NAME : STANBIC BANK
ACCOUNT NAME : AIO BUSINESS LIMITED
ACCOUNT NUMBER : TZS 9120002464371
BRANCH : CENTRE BRANCH
SWIFT CODE : SBICTZTX",,"Legal Paper A4 Bundle with 100pages","Color: Cream, Green, Blue",150,55000,0,1485000,0,,,,
"SOLVERIS CONSULTING LTD",invoice,SVL/003/08.2025,"Aug 19, 2025",,,152-091-435,TZS,19906600,0,19906600,,"BANK NAME : STANBIC BANK
ACCOUNT NAME : AIO BUSINESS LIMITED
ACCOUNT NUMBER : TZS 9120002464371
BRANCH : CENTRE BRANCH
SWIFT CODE : SBICTZTX",,"External Hard Drives (1TB)",,11,120000,0,237600,0,,,,
"JEMA AFRICA LIMITED",invoice,JAL/001/025,"Feb 13, 2025",,,152-091-435,TZS,2360000,0,2360000,,"BANK NAME : STANBIC BANK
ACCOUNT NAME : AIO BUSINESS LIMITED
ACCOUNT NUMBER : TZS 9120002464371
BRANCH : CENTRE BRANCH
SWIFT CODE : SBICTZTX",,"HP Envy X360 2-in-1","512 GB SSD
8GB RAM
Windows 11, Touchscreen, Fingerprint Reader.
One year manufacture warrant",1,2000000,0,360000,0,,,,
SOLVERIS,invoice,SVL/042,"Feb 6, 2025",,,,TZS,1834900,0,1834900,"OUTDOOR 3D SIGNAGE CONSTRUCTION",,,ALLUCOBOND,,2,140000,0,50400,0,,,,
SOLVERIS,invoice,SVL/042,"Feb 6, 2025",,,,TZS,1834900,0,1834900,"OUTDOOR 3D SIGNAGE CONSTRUCTION",,,"CNC Cutting",,1,60000,0,10800,0,,,,
SOLVERIS,invoice,SVL/042,"Feb 6, 2025",,,,TZS,1834900,0,1834900,"OUTDOOR 3D SIGNAGE CONSTRUCTION",,,"Acrylic Board",,2,240000,0,86400,0,,,,
SOLVERIS,invoice,SVL/042,"Feb 6, 2025",,,,TZS,1834900,0,1834900,"OUTDOOR 3D SIGNAGE CONSTRUCTION",,,"LED Light & Transformer",,1,250000,0,45000,0,,,,
SOLVERIS,invoice,SVL/042,"Feb 6, 2025",,,,TZS,1834900,0,1834900,"OUTDOOR 3D SIGNAGE CONSTRUCTION",,,"Foam Board",,3,80000,0,43200,0,,,,
SOLVERIS,invoice,SVL/042,"Feb 6, 2025",,,,TZS,1834900,0,1834900,"OUTDOOR 3D SIGNAGE CONSTRUCTION",,,"Photocell Switch",,1,45000,0,8100,0,,,,
SOLVERIS,invoice,SVL/042,"Feb 6, 2025",,,,TZS,1834900,0,1834900,"OUTDOOR 3D SIGNAGE CONSTRUCTION",,,"Labor Charge & Fixing",,1,200000,0,36000,0,,,,
"KWANZA SOLUTION LTD,",invoice,KSL/001/011.2023,"Nov 20, 2023",,,152-091-435,TZS,10726200,0,10726200,"Makumbusho Bus Complex, 3rd Floor,","Goods to be delivered as per agreed quantity and quantity, please contact our office if need further instructions.","Please Deliver before due date","EXECUTIVE POLO T-SHIRTS","-Printing: Embroidery
-Material: 100% Cotton",180,23000,0,745200,0,,,,
"KWANZA SOLUTION LTD,",invoice,KSL/001/011.2023,"Nov 20, 2023",,,152-091-435,TZS,10726200,0,10726200,"Makumbusho Bus Complex, 3rd Floor,","Goods to be delivered as per agreed quantity and quantity, please contact our office if need further instructions.","Please Deliver before due date","ROUND COLLAR T-SHIRTS","-Printing: DTF Screen
-Material: 99% Cotton",130,15000,0,351000,0,,,,
"KWANZA SOLUTION LTD,",invoice,KSL/001/011.2023,"Nov 20, 2023",,,152-091-435,TZS,10726200,0,10726200,"Makumbusho Bus Complex, 3rd Floor,","Goods to be delivered as per agreed quantity and quantity, please contact our office if need further instructions.","Please Deliver before due date","EXECUTIVE TROPHIES",,20,150000,0,540000,0,,,,
"TOPAZ MOTORS LIMITED",invoice,TML/001.025,"Jan 28, 2025",,,,TZS,295000,0,295000,,"MPESA : 0754500541 - BONIFACE BALELE
CRDB BANK: 01J2035322200 -BONIFACE BALELE",,"DOMAIN NAME REGISTARION (topazmotors.co.tz)",,1,25000,0,4500,0,,,,
"TOPAZ MOTORS LIMITED",invoice,TML/001.025,"Jan 28, 2025",,,,TZS,295000,0,295000,,"MPESA : 0754500541 - BONIFACE BALELE
CRDB BANK: 01J2035322200 -BONIFACE BALELE",,"DOMAIN HOSTING (topazmotors.co.tz)","SSD Storage : 5GB
CPU : 1Core 2.3 Ghz
RAM : 8GB
Websites Hosted : 1
Bandwith : Unlimited
EMail Address : Unlimited
PHP, Node.js, Python : Yes
SSL Security : Free",1,225000,0,40500,0,,,,
"OCEANLAND HAULIERS LTD, ",invoice,OHL/001.025,"Dec 11, 2025",,,152-091-435,TZS,3592297.6,0,3592297.6,,"BANK NAME : STANBIC BANK
ACCOUNT NAME : AIO BUSINESS LIMITED
ACCOUNT NUMBER : TZS 9120002464371
BRANCH : CENTRE BRANCH
SWIFT CODE : SBICTZTX",,"QUICKBOOKS Plus Online  1 year",,1,1444320,0,259977.6,0,,,,
"OCEANLAND HAULIERS LTD, ",invoice,OHL/001.025,"Dec 11, 2025",,,152-091-435,TZS,3592297.6,0,3592297.6,,"BANK NAME : STANBIC BANK
ACCOUNT NAME : AIO BUSINESS LIMITED
ACCOUNT NUMBER : TZS 9120002464371
BRANCH : CENTRE BRANCH
SWIFT CODE : SBICTZTX",,"INSTALLATION & CONFIGURATION",,1,200000,0,36000,0,,,,
"OCEANLAND HAULIERS LTD, ",invoice,OHL/001.025,"Dec 11, 2025",,,152-091-435,TZS,3592297.6,0,3592297.6,,"BANK NAME : STANBIC BANK
ACCOUNT NAME : AIO BUSINESS LIMITED
ACCOUNT NUMBER : TZS 9120002464371
BRANCH : CENTRE BRANCH
SWIFT CODE : SBICTZTX",,TRAINING,"-4 USERS (5 DAYS, 2 HOURS A DAY)",4,350000,0,252000,0,,,,
"TANZANIA LAND TENATURE ASSISTANCE",invoice,TLTA/002.25,"Jan 16, 2025",,,152-091-435,TZS,1416000,0,1416000,,"BANK NAME : STANBIC BANK
ACCOUNT NAME : AIO BUSINESS LIMITED
ACCOUNT NUMBER : TZS 9120002464371
BRANCH : CENTRE BRANCH
SWIFT CODE : SBICTZTX",,"EPSON L5290 PRINTER","Print, Scan, Copy, Fax with ADF
Compact integrated tank design
High yield ink bottles
Spill-free, error-free refilling
Wi-Fi, Wi-Fi Direct
Epson Connect
Seamless setup via Epson Smart Panel
Borderless printing up to 4R
Powered by Epson Heat-Free Technology",1,1200000,0,216000,0,,,,
"KISIWANI SAFARI & TOURS",invoice,KST/001/01.025,"Jan 13, 2025",,,,TZS,600000,0,600000,,"CRDB BANK
01J2035322200
BONIFACE EMANUEL BALELE","Please pay 50% as advanced payment before commencing work.","TOURS WEBSITE DESIGN","-Pages : 5pages
-CMS : WordPress
-Interactive Maps
-WhatsApp Live Chat",1,600000,0,0,0,,,,
"TANZANIA LAND TENATURE ASSISTANCE",invoice,TLTA/001.25,"Jan 15, 2025",,,152-091-435,TZS,578200,0,578200,,"BANK NAME : STANBIC BANK
ACCOUNT NAME : AIO BUSINESS LIMITED
ACCOUNT NUMBER : TZS 9120002464371
BRANCH : CENTRE BRANCH
SWIFT CODE : SBICTZTX",,"HP 953 ORIGINAL CARTRIDGE","Color - Black",1,130000,0,23400,0,,,,
"TANZANIA LAND TENATURE ASSISTANCE",invoice,TLTA/001.25,"Jan 15, 2025",,,152-091-435,TZS,578200,0,578200,,"BANK NAME : STANBIC BANK
ACCOUNT NAME : AIO BUSINESS LIMITED
ACCOUNT NUMBER : TZS 9120002464371
BRANCH : CENTRE BRANCH
SWIFT CODE : SBICTZTX",,"HP 953 ORIGINAL CARTRIDGE","-Colors :- Cyan, Magenta, Yellow",3,120000,0,64800,0,,,,
"TANESCO TANZANIA",invoice,TNSC/053/01.25,"Mar 18, 2025",,,152-091-435,TZS,12224800,0,12224800,,"BANK NAME : STANBIC BANK
ACCOUNT NAME : AIO BUSINESS LIMITED
ACCOUNT NUMBER : TZS 9120002464371
BRANCH : CENTRE BRANCH
SWIFT CODE : SBICTZTX",,"LAPTOP HP LAPTOP PROBOOK 440 G11 U7-155U ","RAM : 8GB 
STORAGE: 512SSD 
14IN DOS 1 YEAR WARRANTY",4,2590000,0,1864800,0,,,,
"LAND TENATURE ASSISTANCE",invoice,LTA/09/25,"May 25, 2026",,,152091435,TZS,26747060,5000000,21747060,,"BANK NAME: STANBIC BANK
ACCOUNT NAME : AIO BUSINESS LIMITED
ACCOUNT NUMBER : TZS 9120002464371
BRANCH : CENTRE BRANCH",,"Land form Na.21(a)",,15000,450,0,1215000,0,,,,
"LAND TENATURE ASSISTANCE",invoice,LTA/09/25,"May 25, 2026",,,152091435,TZS,26747060,5000000,21747060,,"BANK NAME: STANBIC BANK
ACCOUNT NAME : AIO BUSINESS LIMITED
ACCOUNT NUMBER : TZS 9120002464371
BRANCH : CENTRE BRANCH",,"File covers",,10800,450,0,874800,0,,,,
"LAND TENATURE ASSISTANCE",invoice,LTA/09/25,"May 25, 2026",,,152091435,TZS,26747060,5000000,21747060,,"BANK NAME: STANBIC BANK
ACCOUNT NAME : AIO BUSINESS LIMITED
ACCOUNT NUMBER : TZS 9120002464371
BRANCH : CENTRE BRANCH",,"File Tags",,10,11000,0,19800,0,,,,
"LAND TENATURE ASSISTANCE",invoice,LTA/09/25,"May 25, 2026",,,152091435,TZS,26747060,5000000,21747060,,"BANK NAME: STANBIC BANK
ACCOUNT NAME : AIO BUSINESS LIMITED
ACCOUNT NUMBER : TZS 9120002464371
BRANCH : CENTRE BRANCH",,"Photocopying Paper A4",,74,13000,0,173160,0,,,,
"LAND TENATURE ASSISTANCE",invoice,LTA/09/25,"May 25, 2026",,,152091435,TZS,26747060,5000000,21747060,,"BANK NAME: STANBIC BANK
ACCOUNT NAME : AIO BUSINESS LIMITED
ACCOUNT NUMBER : TZS 9120002464371
BRANCH : CENTRE BRANCH",,"Village Seal",,10,150000,0,270000,0,,,,
"LAND TENATURE ASSISTANCE",invoice,LTA/09/25,"May 25, 2026",,,152091435,TZS,26747060,5000000,21747060,,"BANK NAME: STANBIC BANK
ACCOUNT NAME : AIO BUSINESS LIMITED
ACCOUNT NUMBER : TZS 9120002464371
BRANCH : CENTRE BRANCH",,"Printer Cartridge Hp 14A",,7,810000,0,1020600,0,,,,
"LAND TENATURE ASSISTANCE",invoice,LTA/09/25,"May 25, 2026",,,152091435,TZS,26747060,5000000,21747060,,"BANK NAME: STANBIC BANK
ACCOUNT NAME : AIO BUSINESS LIMITED
ACCOUNT NUMBER : TZS 9120002464371
BRANCH : CENTRE BRANCH",,"Registration pen",,10,50000,0,90000,0,,,,
"LAND TENATURE ASSISTANCE",invoice,LTA/09/25,"May 25, 2026",,,152091435,TZS,26747060,5000000,21747060,,"BANK NAME: STANBIC BANK
ACCOUNT NAME : AIO BUSINESS LIMITED
ACCOUNT NUMBER : TZS 9120002464371
BRANCH : CENTRE BRANCH",,"Marker pen permanent type-Water proof ink",,7,5000,0,6300,0,,,,
"LAND TENATURE ASSISTANCE",invoice,LTA/09/25,"May 25, 2026",,,152091435,TZS,26747060,5000000,21747060,,"BANK NAME: STANBIC BANK
ACCOUNT NAME : AIO BUSINESS LIMITED
ACCOUNT NUMBER : TZS 9120002464371
BRANCH : CENTRE BRANCH",,"Legal Paper A4",,125,14000,0,315000,0,,,,
"LAND TENATURE ASSISTANCE",invoice,LTA/09/25,"May 25, 2026",,,152091435,TZS,26747060,5000000,21747060,,"BANK NAME: STANBIC BANK
ACCOUNT NAME : AIO BUSINESS LIMITED
ACCOUNT NUMBER : TZS 9120002464371
BRANCH : CENTRE BRANCH",,"HP Designjet 72 130ml - gray color",,1,530000,0,95400,0,,,,
"CQS Services Limited",invoice,CGS/001/025,"Jan 2, 2025",,,,TZS,2000000,0,2000000,,"BANK NAME: CRDB
ACC NO. 0152260332800
ACC NAME: ANDREW LUANDA",,"MS Project Professional",,5,350000,0,0,0,,,,
"CQS Services Limited",invoice,CGS/001/025,"Jan 2, 2025",,,,TZS,2000000,0,2000000,,"BANK NAME: CRDB
ACC NO. 0152260332800
ACC NAME: ANDREW LUANDA",,"MS Project software",,5,50000,0,0,0,,,,
"LAND ASSISTANT IRINGA",invoice,LTA/030/024,"Aug 30, 2024",,,,TZS,3506783,0,3506783,,"BANK NAME: STANBIC BANK
BRANCH: CENTRE BRANCH
ACCOUNT NAME: AIO BUSINESS LIMITED
ACCOUNT NUMBER: TZS 9120002464371
SWIFT CODE: SBICTZTX",,"Legal paper",,10,65000,0,117000,0,,,,
"LAND ASSISTANT IRINGA",invoice,LTA/030/024,"Aug 30, 2024",,,,TZS,3506783,0,3506783,,"BANK NAME: STANBIC BANK
BRANCH: CENTRE BRANCH
ACCOUNT NAME: AIO BUSINESS LIMITED
ACCOUNT NUMBER: TZS 9120002464371
SWIFT CODE: SBICTZTX",,"Land form Na.21(a)",,567,450,0,45927,0,,,,
"LAND ASSISTANT IRINGA",invoice,LTA/030/024,"Aug 30, 2024",,,,TZS,3506783,0,3506783,,"BANK NAME: STANBIC BANK
BRANCH: CENTRE BRANCH
ACCOUNT NAME: AIO BUSINESS LIMITED
ACCOUNT NUMBER: TZS 9120002464371
SWIFT CODE: SBICTZTX",,"File covers",,906,450,0,73386,0,,,,
"LAND ASSISTANT IRINGA",invoice,LTA/030/024,"Aug 30, 2024",,,,TZS,3506783,0,3506783,,"BANK NAME: STANBIC BANK
BRANCH: CENTRE BRANCH
ACCOUNT NAME: AIO BUSINESS LIMITED
ACCOUNT NUMBER: TZS 9120002464371
SWIFT CODE: SBICTZTX",,"Photocopying paper",,3,13000,0,7020,0,,,,
"LAND ASSISTANT IRINGA",invoice,LTA/030/024,"Aug 30, 2024",,,,TZS,3506783,0,3506783,,"BANK NAME: STANBIC BANK
BRANCH: CENTRE BRANCH
ACCOUNT NAME: AIO BUSINESS LIMITED
ACCOUNT NUMBER: TZS 9120002464371
SWIFT CODE: SBICTZTX",,"Printer Cartridge Hp 14A",,2,780000,0,280800,0,,,,
"LAND ASSISTANT IRINGA",invoice,LTA/030/024,"Aug 30, 2024",,,,TZS,3506783,0,3506783,,"BANK NAME: STANBIC BANK
BRANCH: CENTRE BRANCH
ACCOUNT NAME: AIO BUSINESS LIMITED
ACCOUNT NUMBER: TZS 9120002464371
SWIFT CODE: SBICTZTX",,"Village seal - Halmashauri ya Wilaya ya Iringa",,1,60000,0,10800,0,,,,
"WFA HEARING CENTRE",invoice,WFA/004/024,"Dec 23, 2024",,,,TZS,1075000,0,1075000,,"BANK NAME: CRDB BANK
AC NAME: BONIFACE EMANUEL BALELE
AC NUMBER: 01J2035322200
PHONE: 0754-500-541",,"ALLUMINIUM PHOTO BOARDS","Size: 100cm x 70cm",7,100000,0,0,0,,,,
"WFA HEARING CENTRE",invoice,WFA/004/024,"Dec 23, 2024",,,,TZS,1075000,0,1075000,,"BANK NAME: CRDB BANK
AC NAME: BONIFACE EMANUEL BALELE
AC NUMBER: 01J2035322200
PHONE: 0754-500-541",,"STICKERS (PHOTO)","Material: Self Adhesive Vinyl
Size: 13 square meters",13,25000,0,0,0,,,,
"WFA HEARING CENTRE",invoice,WFA/004/024,"Dec 23, 2024",,,,TZS,1075000,0,1075000,,"BANK NAME: CRDB BANK
AC NAME: BONIFACE EMANUEL BALELE
AC NUMBER: 01J2035322200
PHONE: 0754-500-541",,"LABOUR CHARGE & FIXING",,1,50000,0,0,0,,,,
AMERICARES,invoice,AMRC/001/05.026,"May 8, 2026",,,152-091-435,TZS,7062000,0,7062000,,"BANK DETAILS:
BANK NAME: STANBIC BANK
BRANCH : CENTRE BRANCH
ACCOUNT NAME : AIO BUSNESS LIMITED
ACCOUNT NUMBER : TZS 9120002464371
SWIFT CODE : SBICTZTX","Please pay before due date","BRANDED TSHIRTS","Material : Cotton
Printing : DTF",100,25000,0,450000,42372.88,,,,
AMERICARES,invoice,AMRC/001/05.026,"May 8, 2026",,,152-091-435,TZS,7062000,0,7062000,,"BANK DETAILS:
BANK NAME: STANBIC BANK
BRANCH : CENTRE BRANCH
ACCOUNT NAME : AIO BUSNESS LIMITED
ACCOUNT NUMBER : TZS 9120002464371
SWIFT CODE : SBICTZTX","Please pay before due date","BRANDED CAPS","Material : 100% Cotton
Printing : DTF",100,20000,0,360000,33898.31,,,,
AMERICARES,invoice,AMRC/001/05.026,"May 8, 2026",,,152-091-435,TZS,7062000,0,7062000,,"BANK DETAILS:
BANK NAME: STANBIC BANK
BRANCH : CENTRE BRANCH
ACCOUNT NAME : AIO BUSNESS LIMITED
ACCOUNT NUMBER : TZS 9120002464371
SWIFT CODE : SBICTZTX","Please pay before due date","TEAR DROP BANNER","Material : Sublimation fabric
Printing : Sublimation",2,300000,0,108000,10169.49,,,,
AMERICARES,invoice,AMRC/001/05.026,"May 8, 2026",,,152-091-435,TZS,7062000,0,7062000,,"BANK DETAILS:
BANK NAME: STANBIC BANK
BRANCH : CENTRE BRANCH
ACCOUNT NAME : AIO BUSNESS LIMITED
ACCOUNT NUMBER : TZS 9120002464371
SWIFT CODE : SBICTZTX","Please pay before due date","CONFERENCE BACKDROP BANNER","Material : Vinyl
Printing : Large Format",1,800000,0,144000,13559.32,,,,
DAWASA,invoice,001/11.024,"Nov 13, 2024",,,,TZS,12850200,0,12850200,,"BANK NAME: STANBIC BANK
ACCOUNT NAME : AIO BUSINESS LIMITED
ACCOUNT NUMBER : TZS 9120002464371
BRANCH : CENTRE BRANCH
SWIFT CODE : SBICTZTX",,"HP Pro Tower 290 G9 Desktop PC Bundle (6B2S1 EA)","Windows 11 Pro
12th Generation 
Intel® Core ™ i5 processor
Intel® UHD Graphics 730
8 GB DDR4-3200 MT/s (1 x 8 GB)
512 GB PCle® NVMe ™ M.2 SSD",4,2300000,0,1656000,0,,,,
DAWASA,invoice,001/11.024,"Nov 13, 2024",,,,TZS,12850200,0,12850200,,"BANK NAME: STANBIC BANK
ACCOUNT NAME : AIO BUSINESS LIMITED
ACCOUNT NUMBER : TZS 9120002464371
BRANCH : CENTRE BRANCH
SWIFT CODE : SBICTZTX",,"HP LASERJET PRO MFP M426 PRINTER",,2,845000,0,304200,0,,,,
"UNIVERSITY OF DAR ES SALAAM",invoice,UDSM/001/024,"Nov 13, 2024",,,,TZS,1900000,0,1900000,,,,"FOOD SUPPLY",,1,1610169.49,0,289830.51,0,,,,
"SELOUS BIOTECHNOLOGY TANZANIA",invoice,SBT/002.024,"Nov 5, 2024",,,,TZS,767000,0,767000,,"BANK NAME: CRDB BANK
AC NAME: BONIFACE EMANUEL BALELE
AC NUMBER: 01J2035322200
PHONE: 0754-500-541",,"2D SIGNAGE","-Sides: 1
-Material : Allucobond & Acrylic
-Light: LED Lights
-Size: 90cm x 100cm",1,450000,0,81000,0,,,,
"SELOUS BIOTECHNOLOGY TANZANIA",invoice,SBT/002.024,"Nov 5, 2024",,,,TZS,767000,0,767000,,"BANK NAME: CRDB BANK
AC NAME: BONIFACE EMANUEL BALELE
AC NUMBER: 01J2035322200
PHONE: 0754-500-541",,"INDOOR WALL 3D LOGO","-Material : PVC & Foarm Board
_Size : 80cm x 120cm",1,200000,0,36000,0,,,,
"SOLVERIS CONSULTING LTD",invoice,SCL/0012.024,"Dec 23, 2024",,,,TZS,15564200,0,15564200,,"BANK NAME : STANBIC BANK
ACCOUNT NAME : AIO BUSINESS LIMITED
ACCOUNT NUMBER : TZS 9120002464371
BRANCH : CENTRE BRANCH
SWIFT CODE : SBICTZTX",,"2025 Calendars","Size: A1
Pages: Single page",1000,2500,0,450000,0,,,,
"SOLVERIS CONSULTING LTD",invoice,SCL/0012.024,"Dec 23, 2024",,,,TZS,15564200,0,15564200,,"BANK NAME : STANBIC BANK
ACCOUNT NAME : AIO BUSINESS LIMITED
ACCOUNT NUMBER : TZS 9120002464371
BRANCH : CENTRE BRANCH
SWIFT CODE : SBICTZTX",,"2025 Executive Diary","Size: A4",150,30000,0,810000,0,,,,
"SOLVERIS CONSULTING LTD",invoice,SCL/0012.024,"Dec 23, 2024",,,,TZS,15564200,0,15564200,,"BANK NAME : STANBIC BANK
ACCOUNT NAME : AIO BUSINESS LIMITED
ACCOUNT NUMBER : TZS 9120002464371
BRANCH : CENTRE BRANCH
SWIFT CODE : SBICTZTX",,"Leather Notebooks","Size: A5",270,15000,0,729000,0,,,,
"SOLVERIS CONSULTING LTD",invoice,SCL/0012.024,"Dec 23, 2024",,,,TZS,15564200,0,15564200,,"BANK NAME : STANBIC BANK
ACCOUNT NAME : AIO BUSINESS LIMITED
ACCOUNT NUMBER : TZS 9120002464371
BRANCH : CENTRE BRANCH
SWIFT CODE : SBICTZTX",,"Executive Pen",,428,5000,0,385200,0,,,,
"GREEN TELECOM",invoice,GTL/001/24,"Oct 25, 2024",,,,TZS,16879903.54,0,16879903.54,,"BANK NAME: CRDB BANK
AC NAME: BONIFACE EMANUEL BALELE 
AC NUMBER: 01J2035322200
PHONE: 0754-500-541",,"Electric pliers",,1,20000,0,3600,0,,,,
"GREEN TELECOM",invoice,GTL/001/24,"Oct 25, 2024",,,,TZS,16879903.54,0,16879903.54,,"BANK NAME: CRDB BANK
AC NAME: BONIFACE EMANUEL BALELE 
AC NUMBER: 01J2035322200
PHONE: 0754-500-541",,Hummer,,1,25000,0,4500,0,,,,
"GREEN TELECOM",invoice,GTL/001/24,"Oct 25, 2024",,,,TZS,16879903.54,0,16879903.54,,"BANK NAME: CRDB BANK
AC NAME: BONIFACE EMANUEL BALELE 
AC NUMBER: 01J2035322200
PHONE: 0754-500-541",,"Feet climbing",,3,390000,0,210600,0,,,,
"GREEN TELECOM",invoice,GTL/001/24,"Oct 25, 2024",,,,TZS,16879903.54,0,16879903.54,,"BANK NAME: CRDB BANK
AC NAME: BONIFACE EMANUEL BALELE 
AC NUMBER: 01J2035322200
PHONE: 0754-500-541",,Poles,"-Wooden treated poles",5,250000,0,225000,0,,,,
"GREEN TELECOM",invoice,GTL/001/24,"Oct 25, 2024",,,,TZS,16879903.54,0,16879903.54,,"BANK NAME: CRDB BANK
AC NAME: BONIFACE EMANUEL BALELE 
AC NUMBER: 01J2035322200
PHONE: 0754-500-541",,"Red paint",-4lts,1,30000,0,5400,0,,,,
"GREEN TELECOM",invoice,GTL/001/24,"Oct 25, 2024",,,,TZS,16879903.54,0,16879903.54,,"BANK NAME: CRDB BANK
AC NAME: BONIFACE EMANUEL BALELE 
AC NUMBER: 01J2035322200
PHONE: 0754-500-541",,"Mark pole","-Wooden poles",15,15000,0,40500,0,,,,
"GREEN TELECOM",invoice,GTL/001/24,"Oct 25, 2024",,,,TZS,16879903.54,0,16879903.54,,"BANK NAME: CRDB BANK
AC NAME: BONIFACE EMANUEL BALELE 
AC NUMBER: 01J2035322200
PHONE: 0754-500-541",,"Pull ruler (5m)",,1,15000,0,2700,0,,,,
"GREEN TELECOM",invoice,GTL/001/24,"Oct 25, 2024",,,,TZS,16879903.54,0,16879903.54,,"BANK NAME: CRDB BANK
AC NAME: BONIFACE EMANUEL BALELE 
AC NUMBER: 01J2035322200
PHONE: 0754-500-541",,"Tape ruler (100m)",,1,200000,0,36000,0,,,,
"GREEN TELECOM",invoice,GTL/001/24,"Oct 25, 2024",,,,TZS,16879903.54,0,16879903.54,,"BANK NAME: CRDB BANK
AC NAME: BONIFACE EMANUEL BALELE 
AC NUMBER: 01J2035322200
PHONE: 0754-500-541",,"Tool to dig hole","-Petrol powered",3,800000,0,432000,0,,,,
"GREEN TELECOM",invoice,GTL/001/24,"Oct 25, 2024",,,,TZS,16879903.54,0,16879903.54,,"BANK NAME: CRDB BANK
AC NAME: BONIFACE EMANUEL BALELE 
AC NUMBER: 01J2035322200
PHONE: 0754-500-541",,"Cable output tool","_Cable roller",1,1800000,0,324000,0,,,,
"GREEN TELECOM",invoice,GTL/001/24,"Oct 25, 2024",,,,TZS,16879903.54,0,16879903.54,,"BANK NAME: CRDB BANK
AC NAME: BONIFACE EMANUEL BALELE 
AC NUMBER: 01J2035322200
PHONE: 0754-500-541",,Pulley,,30,150000,0,810000,0,,,,
"GREEN TELECOM",invoice,GTL/001/24,"Oct 25, 2024",,,,TZS,16879903.54,0,16879903.54,,"BANK NAME: CRDB BANK
AC NAME: BONIFACE EMANUEL BALELE 
AC NUMBER: 01J2035322200
PHONE: 0754-500-541",,"Small Hoist","-Chain Hoist",1,750000,0,135000,0,,,,
"GREEN TELECOM",invoice,GTL/001/24,"Oct 25, 2024",,,,TZS,16879903.54,0,16879903.54,,"BANK NAME: CRDB BANK
AC NAME: BONIFACE EMANUEL BALELE 
AC NUMBER: 01J2035322200
PHONE: 0754-500-541",,"Stainless steel belt tightening pliers",,1,350000,0,63000,0,,,,
"GREEN TELECOM",invoice,GTL/001/24,"Oct 25, 2024",,,,TZS,16879903.54,0,16879903.54,,"BANK NAME: CRDB BANK
AC NAME: BONIFACE EMANUEL BALELE 
AC NUMBER: 01J2035322200
PHONE: 0754-500-541",,"Cable Gabion",,1,15000,0,2700,0,,,,
"GREEN TELECOM",invoice,GTL/001/24,"Oct 25, 2024",,,,TZS,16879903.54,0,16879903.54,,"BANK NAME: CRDB BANK
AC NAME: BONIFACE EMANUEL BALELE 
AC NUMBER: 01J2035322200
PHONE: 0754-500-541",,Rope,"-100 meters",1,250000,0,45000,0,,,,
"GREEN TELECOM",invoice,GTL/001/24,"Oct 25, 2024",,,,TZS,16879903.54,0,16879903.54,,"BANK NAME: CRDB BANK
AC NAME: BONIFACE EMANUEL BALELE 
AC NUMBER: 01J2035322200
PHONE: 0754-500-541",,"Safety helmet",,3,20001,0,10800.54,0,,,,
"GREEN TELECOM",invoice,GTL/001/24,"Oct 25, 2024",,,,TZS,16879903.54,0,16879903.54,,"BANK NAME: CRDB BANK
AC NAME: BONIFACE EMANUEL BALELE 
AC NUMBER: 01J2035322200
PHONE: 0754-500-541",,"Protective clothing",,3,120000,0,64800,0,,,,
"GREEN TELECOM",invoice,GTL/001/24,"Oct 25, 2024",,,,TZS,16879903.54,0,16879903.54,,"BANK NAME: CRDB BANK
AC NAME: BONIFACE EMANUEL BALELE 
AC NUMBER: 01J2035322200
PHONE: 0754-500-541",,"Safety harness",,3,145000,0,78300,0,,,,
"GREEN TELECOM",invoice,GTL/001/24,"Oct 25, 2024",,,,TZS,16879903.54,0,16879903.54,,"BANK NAME: CRDB BANK
AC NAME: BONIFACE EMANUEL BALELE 
AC NUMBER: 01J2035322200
PHONE: 0754-500-541",,Gloves,,3,60000,0,32400,0,,,,
"GREEN TELECOM",invoice,GTL/001/24,"Oct 25, 2024",,,,TZS,16879903.54,0,16879903.54,,"BANK NAME: CRDB BANK
AC NAME: BONIFACE EMANUEL BALELE 
AC NUMBER: 01J2035322200
PHONE: 0754-500-541",,"Safety shoes",,3,70000,0,37800,0,,,,
"GREEN TELECOM",invoice,GTL/001/24,"Oct 25, 2024",,,,TZS,16879903.54,0,16879903.54,,"BANK NAME: CRDB BANK
AC NAME: BONIFACE EMANUEL BALELE 
AC NUMBER: 01J2035322200
PHONE: 0754-500-541",,"Rain boots",,3,20000,0,10800,0,,,,
"POTTRY TANZANIA LTD",invoice,24,"Oct 21, 2024",,,,TZS,112000,0,112000,,"BANK NAME: CRDB BANK
AC NAME: BONIFACE EMANUEL BALELE AC NUMBER: 01J2035322200
PHONE: 0754-500-541",,"PVC Stickers","size: 166cm x 0.66cm x 2
         0.66cm x 0.42 x 2",2.8,40000,0,0,0,,,,
"POTTRY TANZANIA LTD",invoice,24,"Oct 21, 2024",,,,TZS,112000,0,112000,,"BANK NAME: CRDB BANK
AC NAME: BONIFACE EMANUEL BALELE AC NUMBER: 01J2035322200
PHONE: 0754-500-541",,"Designing, Fixing",,1,0,0,0,0,,,,
"SAVE THE CHILDREN",invoice,STC/002.024,"Oct 16, 2024",136-936-069,,40-029427-Y,TZS,18526000,0,18526000,,"Account Name: COMSKILLS COMPANY LIMITED
Bank Name: STANBIC BANK
Account No: 9120002110669
Branch: Stanbic Center
Swift Code: SBICTZTX",,"Tonner TK 6115",,6,500000,0,540000,0,,,,
"SAVE THE CHILDREN",invoice,STC/002.024,"Oct 16, 2024",136-936-069,,40-029427-Y,TZS,18526000,0,18526000,,"Account Name: COMSKILLS COMPANY LIMITED
Bank Name: STANBIC BANK
Account No: 9120002110669
Branch: Stanbic Center
Swift Code: SBICTZTX",,"HP Laserjet 207A","-Black
-Cyan
-Yellow
-Magenta",2,1200000,0,432000,0,,,,
"SAVE THE CHILDREN",invoice,STC/002.024,"Oct 16, 2024",136-936-069,,40-029427-Y,TZS,18526000,0,18526000,,"Account Name: COMSKILLS COMPANY LIMITED
Bank Name: STANBIC BANK
Account No: 9120002110669
Branch: Stanbic Center
Swift Code: SBICTZTX",,"HP laserjet 410 ","-Black
-Cyan
 -Yellow
-Magenta",2,1400000,0,504000,0,,,,
"SAVE THE CHILDREN",invoice,STC/002.024,"Oct 16, 2024",136-936-069,,40-029427-Y,TZS,18526000,0,18526000,,"Account Name: COMSKILLS COMPANY LIMITED
Bank Name: STANBIC BANK
Account No: 9120002110669
Branch: Stanbic Center
Swift Code: SBICTZTX",,"Tonner TK 475",,6,450000,0,486000,0,,,,
"SAVE THE CHILDREN",invoice,STC/002.024,"Oct 16, 2024",136-936-069,,40-029427-Y,TZS,18526000,0,18526000,,"Account Name: COMSKILLS COMPANY LIMITED
Bank Name: STANBIC BANK
Account No: 9120002110669
Branch: Stanbic Center
Swift Code: SBICTZTX",,"HP Laserjet 201A","-Black
-Cyan
 -Yellow
-Magenta",3,1600000,0,864000,0,,,,
"SAVE THE CHILDREN",invoice,STC/001.024,"Oct 16, 2024",136-936-069,,40-029427-Y,TZS,6041600,0,6041600,,"Account Name: COMSKILLS COMPANY LIMITED
Bank Name: STANBIC BANK
Account No: 9120002110669
Branch: Stanbic Center 
Swift Code: SBICTZTX",,"Nataraj Black Pen",,2,15000,0,5400,0,,,,
"SAVE THE CHILDREN",invoice,STC/001.024,"Oct 16, 2024",136-936-069,,40-029427-Y,TZS,6041600,0,6041600,,"Account Name: COMSKILLS COMPANY LIMITED
Bank Name: STANBIC BANK
Account No: 9120002110669
Branch: Stanbic Center 
Swift Code: SBICTZTX",,"A4 Rim paper",,50,65000,0,585000,0,,,,
"SAVE THE CHILDREN",invoice,STC/001.024,"Oct 16, 2024",136-936-069,,40-029427-Y,TZS,6041600,0,6041600,,"Account Name: COMSKILLS COMPANY LIMITED
Bank Name: STANBIC BANK
Account No: 9120002110669
Branch: Stanbic Center 
Swift Code: SBICTZTX",,"Big Box file",,2,150000,0,54000,0,,,,
"SAVE THE CHILDREN",invoice,STC/001.024,"Oct 16, 2024",136-936-069,,40-029427-Y,TZS,6041600,0,6041600,,"Account Name: COMSKILLS COMPANY LIMITED
Bank Name: STANBIC BANK
Account No: 9120002110669
Branch: Stanbic Center 
Swift Code: SBICTZTX",,Scissors,,7,5000,0,6300,0,,,,
"SAVE THE CHILDREN",invoice,STC/001.024,"Oct 16, 2024",136-936-069,,40-029427-Y,TZS,6041600,0,6041600,,"Account Name: COMSKILLS COMPANY LIMITED
Bank Name: STANBIC BANK
Account No: 9120002110669
Branch: Stanbic Center 
Swift Code: SBICTZTX",,"Leathered note book",,30,15000,0,81000,0,,,,
"SAVE THE CHILDREN",invoice,STC/001.024,"Oct 16, 2024",136-936-069,,40-029427-Y,TZS,6041600,0,6041600,,"Account Name: COMSKILLS COMPANY LIMITED
Bank Name: STANBIC BANK
Account No: 9120002110669
Branch: Stanbic Center 
Swift Code: SBICTZTX",,"Manilla envelope (A4)",,500,300,0,27000,0,,,,
"SAVE THE CHILDREN",invoice,STC/001.024,"Oct 16, 2024",136-936-069,,40-029427-Y,TZS,6041600,0,6041600,,"Account Name: COMSKILLS COMPANY LIMITED
Bank Name: STANBIC BANK
Account No: 9120002110669
Branch: Stanbic Center 
Swift Code: SBICTZTX",,"Sticky notes",,2,10000,0,3600,0,,,,
"SAVE THE CHILDREN",invoice,STC/001.024,"Oct 16, 2024",136-936-069,,40-029427-Y,TZS,6041600,0,6041600,,"Account Name: COMSKILLS COMPANY LIMITED
Bank Name: STANBIC BANK
Account No: 9120002110669
Branch: Stanbic Center 
Swift Code: SBICTZTX",,"Highlighter (different colors)",,30,2000,0,10800,0,,,,
"SAVE THE CHILDREN",invoice,STC/001.024,"Oct 16, 2024",136-936-069,,40-029427-Y,TZS,6041600,0,6041600,,"Account Name: COMSKILLS COMPANY LIMITED
Bank Name: STANBIC BANK
Account No: 9120002110669
Branch: Stanbic Center 
Swift Code: SBICTZTX",,"Battery AAx2",,3,30000,0,16200,0,,,,
"SAVE THE CHILDREN",invoice,STC/001.024,"Oct 16, 2024",136-936-069,,40-029427-Y,TZS,6041600,0,6041600,,"Account Name: COMSKILLS COMPANY LIMITED
Bank Name: STANBIC BANK
Account No: 9120002110669
Branch: Stanbic Center 
Swift Code: SBICTZTX",,"Battery AAA",,1,40000,0,7200,0,,,,
"SAVE THE CHILDREN",invoice,STC/001.024,"Oct 16, 2024",136-936-069,,40-029427-Y,TZS,6041600,0,6041600,,"Account Name: COMSKILLS COMPANY LIMITED
Bank Name: STANBIC BANK
Account No: 9120002110669
Branch: Stanbic Center 
Swift Code: SBICTZTX",,Stapler,,5,10000,0,9000,0,,,,
"SAVE THE CHILDREN",invoice,STC/001.024,"Oct 16, 2024",136-936-069,,40-029427-Y,TZS,6041600,0,6041600,,"Account Name: COMSKILLS COMPANY LIMITED
Bank Name: STANBIC BANK
Account No: 9120002110669
Branch: Stanbic Center 
Swift Code: SBICTZTX",,"Staple pins 24/6 1m",,3,20000,0,10800,0,,,,
"SAVE THE CHILDREN",invoice,STC/001.024,"Oct 16, 2024",136-936-069,,40-029427-Y,TZS,6041600,0,6041600,,"Account Name: COMSKILLS COMPANY LIMITED
Bank Name: STANBIC BANK
Account No: 9120002110669
Branch: Stanbic Center 
Swift Code: SBICTZTX",,"Correction fluid",,2,15000,0,5400,0,,,,
"SAVE THE CHILDREN",invoice,STC/001.024,"Oct 16, 2024",136-936-069,,40-029427-Y,TZS,6041600,0,6041600,,"Account Name: COMSKILLS COMPANY LIMITED
Bank Name: STANBIC BANK
Account No: 9120002110669
Branch: Stanbic Center 
Swift Code: SBICTZTX",,"Business card Holder book",,5,45000,0,40500,0,,,,
"SAVE THE CHILDREN",invoice,STC/001.024,"Oct 16, 2024",136-936-069,,40-029427-Y,TZS,6041600,0,6041600,,"Account Name: COMSKILLS COMPANY LIMITED
Bank Name: STANBIC BANK
Account No: 9120002110669
Branch: Stanbic Center 
Swift Code: SBICTZTX",,"Metallic tray (Black)",,10,30000,0,54000,0,,,,
"SAVE THE CHILDREN",invoice,STC/001.024,"Oct 16, 2024",136-936-069,,40-029427-Y,TZS,6041600,0,6041600,,"Account Name: COMSKILLS COMPANY LIMITED
Bank Name: STANBIC BANK
Account No: 9120002110669
Branch: Stanbic Center 
Swift Code: SBICTZTX",,"Pen holder",,6,5000,0,5400,0,,,,
"SAVE THE CHILDREN",invoice,STC/001/214,"Oct 15, 2024",,,,TZS,19340200,0,19340200,,,,"Tonner TK 6115",,6,475000,0,513000,0,,,,
"SAVE THE CHILDREN",invoice,STC/001/214,"Oct 15, 2024",,,,TZS,19340200,0,19340200,,,,"HP Laserjet 207A (Black,Cyan, Yellow & Magenta)",,2,1200000,0,432000,0,,,,
"SAVE THE CHILDREN",invoice,STC/001/214,"Oct 15, 2024",,,,TZS,19340200,0,19340200,,,,"HP laserjet 410 (Black, Cyan, Yellow & Magenta)",,2,1520000,0,547200,0,,,,
"SAVE THE CHILDREN",invoice,STC/001/214,"Oct 15, 2024",,,,TZS,19340200,0,19340200,,,,"Tonner TK 475",,6,450000,0,486000,0,,,,
"SAVE THE CHILDREN",invoice,STC/001/214,"Oct 15, 2024",,,,TZS,19340200,0,19340200,,,,"HP Laserjet 201A (Black, Cyan, Yellow and Magenta)",,3,1800000,0,972000,0,,,,
"SAYARI SAFI LTD",invoice,SSL/20,"Oct 15, 2024",,,,TZS,312700,0,312700,,"AIRTEL MONEY
0782 242 905 - PETRO NKONOLAH",,"Techo Mobile phone Display repair",,1,250000,0,45000,0,,,,
"SAYARI SAFI LTD",invoice,SSL/20,"Oct 15, 2024",,,,TZS,312700,0,312700,,"AIRTEL MONEY
0782 242 905 - PETRO NKONOLAH",,"Techo Mobile phone switch repair",,1,15000,0,2700,0,,,,
CITYFIBER,invoice,19,"Oct 14, 2024",,,,TZS,205000,0,205000,,"BANK NAME: CRDB BANK
AC NAME: BONIFACE EMANUEL BALELE
AC NUMBER: 01J2035322200
PHONE: 0754-500-541",,"JOB CARD BOOKLET","-with 50pages copy",5,15000,0,0,0,,,,
CITYFIBER,invoice,19,"Oct 14, 2024",,,,TZS,205000,0,205000,,"BANK NAME: CRDB BANK
AC NAME: BONIFACE EMANUEL BALELE
AC NUMBER: 01J2035322200
PHONE: 0754-500-541",,"REFLECTIVE SAFETY VEST",,4,20000,0,0,0,,,,
CITYFIBER,invoice,19,"Oct 14, 2024",,,,TZS,205000,0,205000,,"BANK NAME: CRDB BANK
AC NAME: BONIFACE EMANUEL BALELE
AC NUMBER: 01J2035322200
PHONE: 0754-500-541",,"VINYL STICKER","-10cm x 5cm",50,1000,0,0,0,,,,
"SOLVERIS CONSULTING LTD",invoice,0916/005,"Dec 6, 2024",,,,TZS,13039000,0,13039000,,"BANK NAME : STANBIC BANK
ACCOUNT NAME : AIO BUSINESS LIMITED
ACCOUNT NUMBER : TZS 9120002464371
BRANCH : CENTRE BRANCH
SWIFT CODE : SBICTZTX",,"ROUND TSHIRTS ","Design: Round neck
Material: 100% Cotton
Quality: High
Printing: Screen
Sides: Front & Back printing",570,15000,0,1539000,0,,,,
"SOLVERIS CONSULTING LTD",invoice,0916/005,"Dec 6, 2024",,,,TZS,13039000,0,13039000,,"BANK NAME : STANBIC BANK
ACCOUNT NAME : AIO BUSINESS LIMITED
ACCOUNT NUMBER : TZS 9120002464371
BRANCH : CENTRE BRANCH
SWIFT CODE : SBICTZTX",,"Wall Calendar","Size : A1",500,5000,0,450000,0,,,,
"Tamgo Tanzania",invoice,TTL/001.2026,"Feb 9, 2026",,,152-091-435,TZS,212400,0,212400,,"BANK NAME: STANBIC BANK
ACCOUNT NAME : AIO BUSINESS LIMITED
ACCOUNT NUMBER : TZS 9120002464371
BRANCH : CENTRE BRANCH
SWIFT CODE : SBICTZTX","Please pay before due date","BUSINESS CARDS","-For: Tecla, Amon & Victor",3,40000,0,21600,0,,,,
"Tamgo Tanzania",invoice,TTL/001.2026,"Feb 9, 2026",,,152-091-435,TZS,212400,0,212400,,"BANK NAME: STANBIC BANK
ACCOUNT NAME : AIO BUSINESS LIMITED
ACCOUNT NUMBER : TZS 9120002464371
BRANCH : CENTRE BRANCH
SWIFT CODE : SBICTZTX","Please pay before due date","STAFF IDENTITY CARD","-For: Tecla, Amon, Victor & Elias",4,15000,0,10800,0,,,,
"Lake Zone Security Guard",invoice,LZSG/001.024,"Sep 11, 2024",,,,TZS,158000,0,158000,,"BANK NAME: CRDB BANK
AC NAME: BONIFACE EMANUEL BALELE
AC NUMBER: 01J2035322200
PHONE: 0754-500-541",,"Domain Registration - lakezonesecurityguard.co.tz (Sep 11, 2024 - Sep 11, 2025)",,1,33000,0,0,0,,,,
"Lake Zone Security Guard",invoice,LZSG/001.024,"Sep 11, 2024",,,,TZS,158000,0,158000,,"BANK NAME: CRDB BANK
AC NAME: BONIFACE EMANUEL BALELE
AC NUMBER: 01J2035322200
PHONE: 0754-500-541",,"Mikumi(Made for starters)","SSD Storage: 1 GB
CPU1 Core:  2.3 Ghz
RAM: 4 GB
Websites Hosted: 1
Bandwith: Unlimited
EMail Address: Unlimited
PHP, Node.js, Python: Yes",1,125000,0,0,0,,,,
"Global Alpha Capital; 8th Floor, PSSSF Millenium Tower 1, Dar es Salaam, Tanzania",invoice,GAC/001/024,"Sep 6, 2024",,,,TZS,5835288.8,0,5835288.8,,"BANK NAME : STANBIC BANK
ACCOUNT NAME : AIO BUSINESS LIMITED
ACCOUNT NUMBER : TZS 9120002464371
BRANCH : CENTRE BRANCH
SWIFT CODE : SBICTZTX",,"VCF-VSP-STD-8-VMware vSphere Standard 8 1year Subscription",,16,309072.5,0,890128.8,0,,,,
"CITY FIBER",invoice,CFL/001/025,"May 2, 2025",,,,TZS,350000,0,350000,,"CRDB BANK
O1J2035322200
BONIFACE EMANUEL BALELE
MPESA: 0754500541",,"DOMAIN REGISTRATION","cityfiber.co.tz (04/05/2025 - 03/05/2026)",1,25000,0,0,0,,,,
"CITY FIBER",invoice,CFL/001/025,"May 2, 2025",,,,TZS,350000,0,350000,,"CRDB BANK
O1J2035322200
BONIFACE EMANUEL BALELE
MPESA: 0754500541",,"ENTERPRISE HOSTING","Storage : 5Gb
Free SSL
Daily Backups
Unlimited Emails
Unlimited Bandwith",1,325000,0,0,0,,,,
"TANZANIA LAND TENURE ASSISTANCE,",invoice,TLTA/005.025,"Aug 16, 2025",,,152-091-435,TZS,5062200,0,5062200,,"BANK NAME : STANBIC BANK
ACCOUNT NAME : AIO BUSINESS LIMITED
ACCOUNT NUMBER : TZS 9120002464371
BRANCH : CENTRE BRANCH
SWIFT CODE : SBICTZTX",,"HP T795 Design Jet Plotter 72 ink–Magenta 130ml – C9372A",,1,390000,0,70200,0,,,,
"TANZANIA LAND TENURE ASSISTANCE,",invoice,TLTA/005.025,"Aug 16, 2025",,,152-091-435,TZS,5062200,0,5062200,,"BANK NAME : STANBIC BANK
ACCOUNT NAME : AIO BUSINESS LIMITED
ACCOUNT NUMBER : TZS 9120002464371
BRANCH : CENTRE BRANCH
SWIFT CODE : SBICTZTX",,"HP T795 Design Jet Plotter 72 ink–Cyan 130ml – C9371A",,1,390000,0,70200,0,,,,
"TANZANIA LAND TENURE ASSISTANCE,",invoice,TLTA/005.025,"Aug 16, 2025",,,152-091-435,TZS,5062200,0,5062200,,"BANK NAME : STANBIC BANK
ACCOUNT NAME : AIO BUSINESS LIMITED
ACCOUNT NUMBER : TZS 9120002464371
BRANCH : CENTRE BRANCH
SWIFT CODE : SBICTZTX",,"HP T795 Design Jet Plotter 72 ink–Photo Black 130ml – C9370A",,1,390000,0,70200,0,,,,
"TANZANIA LAND TENURE ASSISTANCE,",invoice,TLTA/005.025,"Aug 16, 2025",,,152-091-435,TZS,5062200,0,5062200,,"BANK NAME : STANBIC BANK
ACCOUNT NAME : AIO BUSINESS LIMITED
ACCOUNT NUMBER : TZS 9120002464371
BRANCH : CENTRE BRANCH
SWIFT CODE : SBICTZTX",,"HP T795 Design Jet Plotter 72 ink–Matte Black 130ml – C9403A",,1,390000,0,70200,0,,,,
"TANZANIA LAND TENURE ASSISTANCE,",invoice,TLTA/005.025,"Aug 16, 2025",,,152-091-435,TZS,5062200,0,5062200,,"BANK NAME : STANBIC BANK
ACCOUNT NAME : AIO BUSINESS LIMITED
ACCOUNT NUMBER : TZS 9120002464371
BRANCH : CENTRE BRANCH
SWIFT CODE : SBICTZTX",,"HP T795 Design Jet Plotter 72 ink–Yellow 130ml – C9373A",,1,390000,0,70200,0,,,,
"TANZANIA LAND TENURE ASSISTANCE,",invoice,TLTA/005.025,"Aug 16, 2025",,,152-091-435,TZS,5062200,0,5062200,,"BANK NAME : STANBIC BANK
ACCOUNT NAME : AIO BUSINESS LIMITED
ACCOUNT NUMBER : TZS 9120002464371
BRANCH : CENTRE BRANCH
SWIFT CODE : SBICTZTX",,"HP T795 Design Jet Plotter 72 ink–Gray 130ml – C9374A",,1,390000,0,70200,0,,,,
"TANZANIA LAND TENURE ASSISTANCE,",invoice,TLTA/005.025,"Aug 16, 2025",,,152-091-435,TZS,5062200,0,5062200,,"BANK NAME : STANBIC BANK
ACCOUNT NAME : AIO BUSINESS LIMITED
ACCOUNT NUMBER : TZS 9120002464371
BRANCH : CENTRE BRANCH
SWIFT CODE : SBICTZTX",,"HP 72 Magenta and Cyan DesignJet Printhead – C9383A",,1,350000,0,63000,0,,,,
"TANZANIA LAND TENURE ASSISTANCE,",invoice,TLTA/005.025,"Aug 16, 2025",,,152-091-435,TZS,5062200,0,5062200,,"BANK NAME : STANBIC BANK
ACCOUNT NAME : AIO BUSINESS LIMITED
ACCOUNT NUMBER : TZS 9120002464371
BRANCH : CENTRE BRANCH
SWIFT CODE : SBICTZTX",,"HP 72 Gray and Photo Black DesignJet Printhead – C9380A",,1,350000,0,63000,0,,,,
"TANZANIA LAND TENURE ASSISTANCE,",invoice,TLTA/005.025,"Aug 16, 2025",,,152-091-435,TZS,5062200,0,5062200,,"BANK NAME : STANBIC BANK
ACCOUNT NAME : AIO BUSINESS LIMITED
ACCOUNT NUMBER : TZS 9120002464371
BRANCH : CENTRE BRANCH
SWIFT CODE : SBICTZTX",,"HP 72 Matte Black and Yellow DesignJet Printhead – C9384A",,1,350000,0,63000,0,,,,
"TANZANIA LAND TENURE ASSISTANCE,",invoice,TLTA/005.025,"Aug 16, 2025",,,152-091-435,TZS,5062200,0,5062200,,"BANK NAME : STANBIC BANK
ACCOUNT NAME : AIO BUSINESS LIMITED
ACCOUNT NUMBER : TZS 9120002464371
BRANCH : CENTRE BRANCH
SWIFT CODE : SBICTZTX",,"Coated Paper – AO (Substance: 120 g/m², Size: 1067mm (42"") × 30m)",,2,450000,0,162000,0,,,,
"Tanzania Shipping Agency Corporation (TASAC)",invoice,TASAC/TX/00125,"Feb 25, 2025",,,152-091-435,TZS,7080000,0,7080000,,"BANK NAME : STANBIC BANK
ACCOUNT NAME : AIO BUSINESS LIMITED
ACCOUNT NUMBER : TZS 9120002464371
BRANCH : CENTRE BRANCH
SWIFT CODE : SBICTZTX",,"PRINTING TASAC QUALITY POLICY","Size: A2
Material: High Quality POP",30,30000,0,162000,0,,,,
"Tanzania Shipping Agency Corporation (TASAC)",invoice,TASAC/TX/00125,"Feb 25, 2025",,,152-091-435,TZS,7080000,0,7080000,,"BANK NAME : STANBIC BANK
ACCOUNT NAME : AIO BUSINESS LIMITED
ACCOUNT NUMBER : TZS 9120002464371
BRANCH : CENTRE BRANCH
SWIFT CODE : SBICTZTX",,"SNAP FRAME","Size: A2 (42cm x 54.5)",30,170000,0,918000,0,,,,
"ICR INVESTMENT TRADERS",invoice,IIT/001/2024,"Aug 7, 2024",,,,TZS,223020,0,223020,,"BANK NAME: STANBIC BANK
BRANCH : CENTRE BRANCH
ACCOUNT NAME : AIO BUSNESS LIMITED
ACCOUNT NUMBER : TZS 9120002464371
ACCOUNT NUMBER : USD 9120002464436
SWIFT CODE : SBICTZTX",,"Photocopy paper a4",,5,12000,0,10800,0,,,,
"ICR INVESTMENT TRADERS",invoice,IIT/001/2024,"Aug 7, 2024",,,,TZS,223020,0,223020,,"BANK NAME: STANBIC BANK
BRANCH : CENTRE BRANCH
ACCOUNT NAME : AIO BUSNESS LIMITED
ACCOUNT NUMBER : TZS 9120002464371
ACCOUNT NUMBER : USD 9120002464436
SWIFT CODE : SBICTZTX",,"Box file",,10,5000,0,9000,0,,,,
"ICR INVESTMENT TRADERS",invoice,IIT/001/2024,"Aug 7, 2024",,,,TZS,223020,0,223020,,"BANK NAME: STANBIC BANK
BRANCH : CENTRE BRANCH
ACCOUNT NAME : AIO BUSNESS LIMITED
ACCOUNT NUMBER : TZS 9120002464371
ACCOUNT NUMBER : USD 9120002464436
SWIFT CODE : SBICTZTX",,"Stapple pins",,2,2000,0,720,0,,,,
"ICR INVESTMENT TRADERS",invoice,IIT/001/2024,"Aug 7, 2024",,,,TZS,223020,0,223020,,"BANK NAME: STANBIC BANK
BRANCH : CENTRE BRANCH
ACCOUNT NAME : AIO BUSNESS LIMITED
ACCOUNT NUMBER : TZS 9120002464371
ACCOUNT NUMBER : USD 9120002464436
SWIFT CODE : SBICTZTX",,"Canon IR2520 Catridge",,1,55000,0,9900,0,,,,
"ICR INVESTMENT TRADERS",invoice,IIT/001/2024,"Aug 7, 2024",,,,TZS,223020,0,223020,,"BANK NAME: STANBIC BANK
BRANCH : CENTRE BRANCH
ACCOUNT NAME : AIO BUSNESS LIMITED
ACCOUNT NUMBER : TZS 9120002464371
ACCOUNT NUMBER : USD 9120002464436
SWIFT CODE : SBICTZTX",,"Envelop A4 bundle (50pcs)",,2,10000,0,3600,0,,,,
"AMTEC CONSULTING",invoice,ATCL/001.2026,"May 21, 2025",,,152-091-435,TZS,2655000,0,2655000,,"BANK DETAILS
BANK NAME: CRDB BANK
AC NAME: BONIFACE EMANUEL BALELE
AC NUMBER: 01J2035322200

MIX BY YAS LIPA NO: 44125355",,"AMTEC OUTDOORS SIGNAGES","Size: @3.57sqm
Material: Vinyl Canvas
Printing: UV printing",8,250000,0,360000,0,,,,
"AMTEC CONSULTING",invoice,ATCL/001.2026,"May 21, 2025",,,152-091-435,TZS,2655000,0,2655000,,"BANK DETAILS
BANK NAME: CRDB BANK
AC NAME: BONIFACE EMANUEL BALELE
AC NUMBER: 01J2035322200

MIX BY YAS LIPA NO: 44125355",,"LABOR CHAGES AND FIXING",,1,250000,0,45000,0,,,,
"TINEVIMBO LOGISTICS ",invoice,TL/001/24,"Aug 5, 2024",,,,TZS,354000,150000,204000,,"BANK NAME: CRDB BANK
AC NAME: BONIFACE EMANUEL BALELE
AC NUMBER: 01J2035322200
PHONE: 0754-500-541",,"DOMAIN REGISTRATION",www.tinevimbologistics.co.tz,1,25000,0,4500,0,,,,
"TINEVIMBO LOGISTICS ",invoice,TL/001/24,"Aug 5, 2024",,,,TZS,354000,150000,204000,,"BANK NAME: CRDB BANK
AC NAME: BONIFACE EMANUEL BALELE
AC NUMBER: 01J2035322200
PHONE: 0754-500-541",,HOSTING,"SSD Storage - 1 GB
CPU 1 Core - 2.3 Ghz
RAM - 1 GB
Websites Hosted - 1
Bandwith - Unlimited
EMail Address - Unlimited
PHP, Node.js, Python - Yes",1,100000,0,18000,0,,,,
"TINEVIMBO LOGISTICS ",invoice,TL/001/24,"Aug 5, 2024",,,,TZS,354000,150000,204000,,"BANK NAME: CRDB BANK
AC NAME: BONIFACE EMANUEL BALELE
AC NUMBER: 01J2035322200
PHONE: 0754-500-541",,"TINEVIMBO LOGISTICS WEBSITE DESIGN","Platform - WordPress
Script - PHP",1,175000,0,31500,0,,,,
"TINEVIMBO LOGISTICS ",invoice,TL/001/24,"Aug 5, 2024",,,,TZS,354000,150000,204000,,"BANK NAME: CRDB BANK
AC NAME: BONIFACE EMANUEL BALELE
AC NUMBER: 01J2035322200
PHONE: 0754-500-541",,"CMS TRAINING",,1,0,0,0,0,,,,
"HORTECH TANZANIA LIMITED",invoice,HTL/001/24,"Jul 30, 2024",,,,TZS,330000,0,330000,,"BANK DETAILS
BANK NAME: CRDB BANK
AC NAME: BONIFACE EMANUEL BALELE
AC NUMBER: 01J2035322200
PHONE: 0754-500-541",,Flyers,,600,250,0,0,0,,,,
"HORTECH TANZANIA LIMITED",invoice,HTL/001/24,"Jul 30, 2024",,,,TZS,330000,0,330000,,"BANK DETAILS
BANK NAME: CRDB BANK
AC NAME: BONIFACE EMANUEL BALELE
AC NUMBER: 01J2035322200
PHONE: 0754-500-541",,"Rollup Banner",,1,180000,0,0,0,,,,
"Soft Finance LTD",invoice,SFL/001.025,"Nov 26, 2025",,,,USD,236,0,236,,"BANK DETAILS
BANK NAME: CRDB BANK
AC NAME: BONIFACE EMANUEL BALELE
AC NUMBER: 01J2035322200
PHONE: 0754-500-541",,"SOFTFINANCE GOOGLE BUSINESS SETUP & SEO","-Setup Company's Account
-Verification processing
-Filling Company's info & Pics",1,200,0,36,0,,,,
"Soft Finance LTD",invoice,SFL/001.025,"Nov 26, 2025",,,,USD,236,0,236,,"BANK DETAILS
BANK NAME: CRDB BANK
AC NAME: BONIFACE EMANUEL BALELE
AC NUMBER: 01J2035322200
PHONE: 0754-500-541",,"Labor Charge",,1,0,0,0,0,,,,
"Dot Tanzania",invoice,DT/005.024,"Jul 26, 2024",,,,TZS,8850000,0,8850000,,"BANK NAME: STANBIC BANK
ACCOUNT NAME : AIO BUSINESS LIMITED
ACCOUNT NUMBER : TZS 9120002464371
BRANCH : CENTRE BRANCH
SWIFT CODE : SBICTZTX",,Booklet,"Size: A5
Colored Cover : 250g
Pages : 80g",3000,2500,0,1350000,0,,,,
"BECYMA QUALITY CONSTRUCTION LTD.",invoice,BCC/001/024,"Jul 24, 2024",,,,TZS,354000,150000,204000,,"BANK NAME: CRDB BANK
AC NAME: BONIFACE EMANUEL BALELE
AC NUMBER: 01J2035322200
MPESA: 0754-500-541",,"Safety Reflector Vest","Printing: DTF",30,10000,0,54000,0,,,,
"JUDICIARY OF TANZANIA",invoice,003.2026,"Mar 27, 2026",,,124-575-052,TZS,1320000,0,1320000,,"BANK DETAILS::
CRDB BANK: 10275640579
BUSINESS GRAPHICS",,"VYNIL STICKER","-Size: 120cm x200cm
-Material : Gloss Vynil
-Printing: High Quality(UV-PRINTING)
-Side: Double",10,25000,0,0,0,,,,
"JUDICIARY OF TANZANIA",invoice,003.2026,"Mar 27, 2026",,,124-575-052,TZS,1320000,0,1320000,,"BANK DETAILS::
CRDB BANK: 10275640579
BUSINESS GRAPHICS",,"LIGHBOX BANNER","-Size: 303cm x 103cm
-Material: Backlit Banner
-Priting: High Quality
-Sides: Double",7,30000,0,0,0,,,,
"JUDICIARY OF TANZANIA",invoice,003.2026,"Mar 27, 2026",,,124-575-052,TZS,1320000,0,1320000,,"BANK DETAILS::
CRDB BANK: 10275640579
BUSINESS GRAPHICS",,"SIGNAGE (kibao cha barabarani)","-Size: 120cm x 200cm
-Material:sticker & frame
-Priting: High Quality
-Sides: Double",1,320000,0,0,0,,,,
"JUDICIARY OF TANZANIA",invoice,003.2026,"Mar 27, 2026",,,124-575-052,TZS,1320000,0,1320000,,"BANK DETAILS::
CRDB BANK: 10275640579
BUSINESS GRAPHICS",,POSTA-CODE,"-Size: 40cm x 60cm
-Material:PRINT & CUTT STICKERS
-Priting: High Quality
-Sides: SINGLE",2,60000,0,0,0,,,,
"JUDICIARY OF TANZANIA",invoice,003.2026,"Mar 27, 2026",,,124-575-052,TZS,1320000,0,1320000,,"BANK DETAILS::
CRDB BANK: 10275640579
BUSINESS GRAPHICS",,LOGO,"-Size: 100cm x 100cm
-Materia: UV-STICKERS
-Priting: High Quality
-Sides: SINGLE",2,150000,0,0,0,,,,
"JUDICIARY OF TANZANIA",invoice,003.2026,"Mar 27, 2026",,,124-575-052,TZS,1320000,0,1320000,,"BANK DETAILS::
CRDB BANK: 10275640579
BUSINESS GRAPHICS",,"LABOUR CHARGE",,1,120000,0,0,0,,,,
"AMTEC CONSULTING LTD",invoice,ACL/12.01.025,"Dec 2, 2025",,,,TZS,240000,0,240000,,"BANK DETAILS
BANK NAME: CRDB BANK
AC NAME: BONIFACE EMANUEL BALELE
AC NUMBER: 01J2035322200
PHONE: 0754-500-541",,"Job Card",,3,15000,0,0,0,,,,
"AMTEC CONSULTING LTD",invoice,ACL/12.01.025,"Dec 2, 2025",,,,TZS,240000,0,240000,,"BANK DETAILS
BANK NAME: CRDB BANK
AC NAME: BONIFACE EMANUEL BALELE
AC NUMBER: 01J2035322200
PHONE: 0754-500-541",,"Delivery Note",,3,15000,0,0,0,,,,
"AMTEC CONSULTING LTD",invoice,ACL/12.01.025,"Dec 2, 2025",,,,TZS,240000,0,240000,,"BANK DETAILS
BANK NAME: CRDB BANK
AC NAME: BONIFACE EMANUEL BALELE
AC NUMBER: 01J2035322200
PHONE: 0754-500-541",,"Monthly Check Up Sticker",,200,500,0,0,0,,,,
"AMTEC CONSULTING LTD",invoice,ACL/12.01.025,"Dec 2, 2025",,,,TZS,240000,0,240000,,"BANK DETAILS
BANK NAME: CRDB BANK
AC NAME: BONIFACE EMANUEL BALELE
AC NUMBER: 01J2035322200
PHONE: 0754-500-541",,"Service Sticker",,100,500,0,0,0,,,,
"STARKEY HEARING FOUNDATION",invoice,SHT/002.024,"Nov 29, 2024",,,,TZS,1380500,0,1380500,,"BANK NAME: CRDB BANK
AC NAME: BONIFACE EMANUEL BALELE
AC NUMBER: 01J2035322200
PHONE: 0754-500-541",,"ROLUP BANNER","Material : PoP
Printing : Large format",5,230000,0,0,0,,,,
"STARKEY HEARING FOUNDATION",invoice,SHT/002.024,"Nov 29, 2024",,,,TZS,1380500,0,1380500,,"BANK NAME: CRDB BANK
AC NAME: BONIFACE EMANUEL BALELE
AC NUMBER: 01J2035322200
PHONE: 0754-500-541",,"BACKDROP BANNER","Material: Vinyl
Printing : Large format
Size: 200cm X 170cm ~ 6sqm",1,230500,0,0,0,,,,
"Starkey Hearing Technologies",invoice,SHT/002.024,"Oct 21, 2024",,,,TZS,1080000,0,1080000,,"MPESA: +255 754 500 541 - BONIFACE BALELE",,"NAVY BLUE TSHIRTS","Design: Round neck
Material: 100% Cotton
Quality: High
Printing: Screen
Sides: Front & Back printing",45,24000,0,0,0,,,,
